url,status,canonical
https://www.ipaenglish.com/,200,https://www.ipaenglish.com/
https://www.ipaenglish.com/learning-system/,200,https://www.ipaenglish.com/learning-system/
https://www.ipaenglish.com/founders/,200,https://www.ipaenglish.com/founders/
https://www.ipaenglish.com/testimonials/,200,https://www.ipaenglish.com/testimonials/
https://www.ipaenglish.com/faq/,200,https://www.ipaenglish.com/faq/
https://www.ipaenglish.com/global-english-for-teen-achievers/,200,https://www.ipaenglish.com/global-english-for-teen-achievers/
https://www.ipaenglish.com/communicative-english-for-adults/,200,https://www.ipaenglish.com/communicative-english-for-adults/
https://www.ipaenglish.com/book-a-test/,200,https://www.ipaenglish.com/book-a-test/
https://www.ipaenglish.com/contact-us/,200,https://www.ipaenglish.com/contact-us/
https://www.ipaenglish.com/vi/,200,https://www.ipaenglish.com/vi/
https://www.ipaenglish.com/user-account/,200,https://www.ipaenglish.com/user-account/
https://www.ipaenglish.com/vi/learning-system/,200,https://www.ipaenglish.com/vi/learning-system/
https://www.ipaenglish.com/vi/founders/,200,https://www.ipaenglish.com/vi/founders/
https://www.ipaenglish.com/vi/testimonials/,200,https://www.ipaenglish.com/vi/testimonials/
https://www.ipaenglish.com/vi/faq/,200,https://www.ipaenglish.com/vi/faq/
https://www.ipaenglish.com/vi/global-english-for-teen-achievers/,200,https://www.ipaenglish.com/vi/global-english-for-teen-achievers/
https://www.ipaenglish.com/user-public-account/tony-evans/,200,https://www.ipaenglish.com/user-public-account/tony-evans/
https://www.ipaenglish.com/courses/?terms%5B%5D=22&category%5B%5D=22,200,https://www.ipaenglish.com/courses/
https://www.ipaenglish.com/vi/communicative-english-for-adults/,200,https://www.ipaenglish.com/vi/communicative-english-for-adults/
https://www.ipaenglish.com/vi/book-a-test/,200,https://www.ipaenglish.com/vi/book-a-test/
https://www.ipaenglish.com/vi/contact-us/,200,https://www.ipaenglish.com/vi/contact-us/
https://www.ipaenglish.com/vi/user-account/,200,https://www.ipaenglish.com/vi/user-account/
https://www.ipaenglish.com/vi/user-public-account/tony-evans/,200,https://www.ipaenglish.com/vi/user-public-account/tony-evans/
https://www.ipaenglish.com/vi/courses/?terms%5B%5D=22&category%5B%5D=22,200,https://www.ipaenglish.com/vi/courses/
https://www.ipaenglish.com/courses/,200,https://www.ipaenglish.com/courses/
https://www.ipaenglish.com/vi/courses/,200,https://www.ipaenglish.com/vi/courses/
