page_url,image_url,alt,missing_alt,content_length,content_type
https://www.ipaenglish.com/,https://www.ipaenglish.com/wp-content/uploads/2024/08/36AA30E1-0DC1-4CC5-836E-1A10FE7F747B-e1723601218764.png,IPA English,False,44315,image/png
https://www.ipaenglish.com/,https://www.ipaenglish.com/wp-content/plugins/translatepress-multilingual/assets/images/flags/en_US.png,en_US,False,502,image/png
https://www.ipaenglish.com/,https://www.ipaenglish.com/wp-content/plugins/translatepress-multilingual/assets/images/flags/vi.png,vi,False,454,image/png
https://www.ipaenglish.com/,https://www.ipaenglish.com/wp-content/plugins/translatepress-multilingual/assets/images/flags/en_US.png,en_US,False,502,image/png
https://www.ipaenglish.com/,https://www.ipaenglish.com/wp-content/plugins/translatepress-multilingual/assets/images/flags/vi.png,vi,False,454,image/png
https://www.ipaenglish.com/,https://www.ipaenglish.com/wp-content/plugins/revslider/sr6/assets/assets/dummy.png,,True,68,image/png
https://www.ipaenglish.com/,https://www.ipaenglish.com/wp-content/uploads/2025/08/IPA-English-1024x536.jpg,,True,89034,image/jpeg
https://www.ipaenglish.com/learning-system/,https://www.ipaenglish.com/wp-content/uploads/2024/08/36AA30E1-0DC1-4CC5-836E-1A10FE7F747B-e1723601218764.png,IPA English,False,44315,image/png
https://www.ipaenglish.com/learning-system/,https://www.ipaenglish.com/wp-content/plugins/translatepress-multilingual/assets/images/flags/en_US.png,en_US,False,502,image/png
https://www.ipaenglish.com/learning-system/,https://www.ipaenglish.com/wp-content/plugins/translatepress-multilingual/assets/images/flags/vi.png,vi,False,454,image/png
https://www.ipaenglish.com/learning-system/,https://www.ipaenglish.com/wp-content/plugins/translatepress-multilingual/assets/images/flags/en_US.png,en_US,False,502,image/png
https://www.ipaenglish.com/learning-system/,https://www.ipaenglish.com/wp-content/plugins/translatepress-multilingual/assets/images/flags/vi.png,vi,False,454,image/png
https://www.ipaenglish.com/learning-system/,https://www.ipaenglish.com/wp-content/uploads/2024/08/IPA-student-Large-1279x852.jpeg,,True,69524,image/jpeg
https://www.ipaenglish.com/learning-system/,https://www.ipaenglish.com/wp-content/uploads/2024/08/7.-Learning-System-Infographic-version-1-410x1024.png,,True,229435,image/png
https://www.ipaenglish.com/learning-system/,https://www.ipaenglish.com/wp-content/uploads/2025/08/IPA-English-1024x536.jpg,,True,89034,image/jpeg
https://www.ipaenglish.com/founders/,https://www.ipaenglish.com/wp-content/uploads/2024/08/36AA30E1-0DC1-4CC5-836E-1A10FE7F747B-e1723601218764.png,IPA English,False,44315,image/png
https://www.ipaenglish.com/founders/,https://www.ipaenglish.com/wp-content/plugins/translatepress-multilingual/assets/images/flags/en_US.png,en_US,False,502,image/png
https://www.ipaenglish.com/founders/,https://www.ipaenglish.com/wp-content/plugins/translatepress-multilingual/assets/images/flags/vi.png,vi,False,454,image/png
https://www.ipaenglish.com/founders/,https://www.ipaenglish.com/wp-content/plugins/translatepress-multilingual/assets/images/flags/en_US.png,en_US,False,502,image/png
https://www.ipaenglish.com/founders/,https://www.ipaenglish.com/wp-content/plugins/translatepress-multilingual/assets/images/flags/vi.png,vi,False,454,image/png
https://www.ipaenglish.com/founders/,https://www.ipaenglish.com/wp-content/uploads/2024/08/tony-kris-1024x768.jpeg,,True,99100,image/jpeg
https://www.ipaenglish.com/founders/,https://www.ipaenglish.com/wp-content/uploads/2024/08/Teacher-Training-2JPG-1024x683.jpg,,True,111735,image/jpeg
https://www.ipaenglish.com/founders/,https://www.ipaenglish.com/wp-content/uploads/2024/08/Kristin-300x300.png,,True,80693,image/png
https://www.ipaenglish.com/founders/,https://www.ipaenglish.com/wp-content/uploads/2025/08/DSC0052-graded-white-background-300x294.jpg,,True,12443,image/jpeg
https://www.ipaenglish.com/founders/,https://www.ipaenglish.com/wp-content/uploads/2025/08/IPA-English-1024x536.jpg,,True,89034,image/jpeg
https://www.ipaenglish.com/testimonials/,https://www.ipaenglish.com/wp-content/uploads/2024/08/36AA30E1-0DC1-4CC5-836E-1A10FE7F747B-e1723601218764.png,IPA English,False,44315,image/png
https://www.ipaenglish.com/testimonials/,https://www.ipaenglish.com/wp-content/plugins/translatepress-multilingual/assets/images/flags/en_US.png,en_US,False,502,image/png
https://www.ipaenglish.com/testimonials/,https://www.ipaenglish.com/wp-content/plugins/translatepress-multilingual/assets/images/flags/vi.png,vi,False,454,image/png
https://www.ipaenglish.com/testimonials/,https://www.ipaenglish.com/wp-content/plugins/translatepress-multilingual/assets/images/flags/en_US.png,en_US,False,502,image/png
https://www.ipaenglish.com/testimonials/,https://www.ipaenglish.com/wp-content/plugins/translatepress-multilingual/assets/images/flags/vi.png,vi,False,454,image/png
https://www.ipaenglish.com/testimonials/,https://www.ipaenglish.com/wp-content/uploads/2025/08/IPA-English-1024x536.jpg,,True,89034,image/jpeg
https://www.ipaenglish.com/faq/,https://www.ipaenglish.com/wp-content/uploads/2024/08/36AA30E1-0DC1-4CC5-836E-1A10FE7F747B-e1723601218764.png,IPA English,False,44315,image/png
https://www.ipaenglish.com/faq/,https://www.ipaenglish.com/wp-content/plugins/translatepress-multilingual/assets/images/flags/en_US.png,en_US,False,502,image/png
https://www.ipaenglish.com/faq/,https://www.ipaenglish.com/wp-content/plugins/translatepress-multilingual/assets/images/flags/vi.png,vi,False,454,image/png
https://www.ipaenglish.com/faq/,https://www.ipaenglish.com/wp-content/plugins/translatepress-multilingual/assets/images/flags/en_US.png,en_US,False,502,image/png
https://www.ipaenglish.com/faq/,https://www.ipaenglish.com/wp-content/plugins/translatepress-multilingual/assets/images/flags/vi.png,vi,False,454,image/png
https://www.ipaenglish.com/faq/,https://www.ipaenglish.com/wp-content/uploads/2025/08/IPA-English-1024x536.jpg,,True,89034,image/jpeg
https://www.ipaenglish.com/global-english-for-teen-achievers/,https://www.ipaenglish.com/wp-content/uploads/2024/08/36AA30E1-0DC1-4CC5-836E-1A10FE7F747B-e1723601218764.png,IPA English,False,44315,image/png
https://www.ipaenglish.com/global-english-for-teen-achievers/,https://www.ipaenglish.com/wp-content/plugins/translatepress-multilingual/assets/images/flags/en_US.png,en_US,False,502,image/png
https://www.ipaenglish.com/global-english-for-teen-achievers/,https://www.ipaenglish.com/wp-content/plugins/translatepress-multilingual/assets/images/flags/vi.png,vi,False,454,image/png
https://www.ipaenglish.com/global-english-for-teen-achievers/,https://www.ipaenglish.com/wp-content/plugins/translatepress-multilingual/assets/images/flags/en_US.png,en_US,False,502,image/png
https://www.ipaenglish.com/global-english-for-teen-achievers/,https://www.ipaenglish.com/wp-content/plugins/translatepress-multilingual/assets/images/flags/vi.png,vi,False,454,image/png
https://www.ipaenglish.com/global-english-for-teen-achievers/,https://www.ipaenglish.com/wp-content/uploads/2024/08/Tony-Profile-Picture-e1723626782498.png,,True,91782,image/png
https://www.ipaenglish.com/global-english-for-teen-achievers/,https://www.ipaenglish.com/wp-content/uploads/2025/08/course-icon-5.png,,True,17987,image/png
https://www.ipaenglish.com/global-english-for-teen-achievers/,https://www.ipaenglish.com/wp-content/uploads/2024/08/Image-8-Large-1-1024x768.jpeg,,True,93838,image/jpeg
https://www.ipaenglish.com/global-english-for-teen-achievers/,https://www.ipaenglish.com/wp-content/uploads/2025/08/IPA-English-1024x536.jpg,,True,89034,image/jpeg
https://www.ipaenglish.com/communicative-english-for-adults/,https://www.ipaenglish.com/wp-content/uploads/2024/08/36AA30E1-0DC1-4CC5-836E-1A10FE7F747B-e1723601218764.png,IPA English,False,44315,image/png
https://www.ipaenglish.com/communicative-english-for-adults/,https://www.ipaenglish.com/wp-content/plugins/translatepress-multilingual/assets/images/flags/en_US.png,en_US,False,502,image/png
https://www.ipaenglish.com/communicative-english-for-adults/,https://www.ipaenglish.com/wp-content/plugins/translatepress-multilingual/assets/images/flags/vi.png,vi,False,454,image/png
https://www.ipaenglish.com/communicative-english-for-adults/,https://www.ipaenglish.com/wp-content/plugins/translatepress-multilingual/assets/images/flags/en_US.png,en_US,False,502,image/png
https://www.ipaenglish.com/communicative-english-for-adults/,https://www.ipaenglish.com/wp-content/plugins/translatepress-multilingual/assets/images/flags/vi.png,vi,False,454,image/png
https://www.ipaenglish.com/communicative-english-for-adults/,https://www.ipaenglish.com/wp-content/uploads/2025/08/IPA-English-1024x536.jpg,,True,89034,image/jpeg
https://www.ipaenglish.com/book-a-test/,https://www.ipaenglish.com/wp-content/uploads/2024/08/36AA30E1-0DC1-4CC5-836E-1A10FE7F747B-e1723601218764.png,IPA English,False,44315,image/png
https://www.ipaenglish.com/book-a-test/,https://www.ipaenglish.com/wp-content/plugins/translatepress-multilingual/assets/images/flags/en_US.png,en_US,False,502,image/png
https://www.ipaenglish.com/book-a-test/,https://www.ipaenglish.com/wp-content/plugins/translatepress-multilingual/assets/images/flags/vi.png,vi,False,454,image/png
https://www.ipaenglish.com/book-a-test/,https://www.ipaenglish.com/wp-content/plugins/translatepress-multilingual/assets/images/flags/en_US.png,en_US,False,502,image/png
https://www.ipaenglish.com/book-a-test/,https://www.ipaenglish.com/wp-content/plugins/translatepress-multilingual/assets/images/flags/vi.png,vi,False,454,image/png
https://www.ipaenglish.com/book-a-test/,https://www.ipaenglish.com/wp-content/uploads/2024/08/Image-12-Large-1279x852.jpeg,,True,90596,image/jpeg
https://www.ipaenglish.com/book-a-test/,https://www.ipaenglish.com/wp-content/uploads/2025/08/IPA-English-1024x536.jpg,,True,89034,image/jpeg
https://www.ipaenglish.com/contact-us/,https://www.ipaenglish.com/wp-content/uploads/2024/08/36AA30E1-0DC1-4CC5-836E-1A10FE7F747B-e1723601218764.png,IPA English,False,44315,image/png
https://www.ipaenglish.com/contact-us/,https://www.ipaenglish.com/wp-content/plugins/translatepress-multilingual/assets/images/flags/en_US.png,en_US,False,502,image/png
https://www.ipaenglish.com/contact-us/,https://www.ipaenglish.com/wp-content/plugins/translatepress-multilingual/assets/images/flags/vi.png,vi,False,454,image/png
https://www.ipaenglish.com/contact-us/,https://www.ipaenglish.com/wp-content/plugins/translatepress-multilingual/assets/images/flags/en_US.png,en_US,False,502,image/png
https://www.ipaenglish.com/contact-us/,https://www.ipaenglish.com/wp-content/plugins/translatepress-multilingual/assets/images/flags/vi.png,vi,False,454,image/png
https://www.ipaenglish.com/contact-us/,https://www.ipaenglish.com/wp-content/uploads/2025/08/IPA-English-1024x536.jpg,,True,89034,image/jpeg
https://www.ipaenglish.com/vi/,https://www.ipaenglish.com/wp-content/uploads/2024/08/36AA30E1-0DC1-4CC5-836E-1A10FE7F747B-e1723601218764.png,IPA English,False,44315,image/png
https://www.ipaenglish.com/vi/,https://www.ipaenglish.com/wp-content/plugins/translatepress-multilingual/assets/images/flags/vi.png,vi,False,454,image/png
https://www.ipaenglish.com/vi/,https://www.ipaenglish.com/wp-content/plugins/translatepress-multilingual/assets/images/flags/en_US.png,en_US,False,502,image/png
https://www.ipaenglish.com/vi/,https://www.ipaenglish.com/wp-content/plugins/translatepress-multilingual/assets/images/flags/vi.png,vi,False,454,image/png
https://www.ipaenglish.com/vi/,https://www.ipaenglish.com/wp-content/plugins/translatepress-multilingual/assets/images/flags/en_US.png,en_US,False,502,image/png
https://www.ipaenglish.com/vi/,https://www.ipaenglish.com/wp-content/plugins/revslider/sr6/assets/assets/dummy.png,,True,68,image/png
https://www.ipaenglish.com/vi/,https://www.ipaenglish.com/wp-content/uploads/2025/08/IPA-English-1024x536.jpg,,True,89034,image/jpeg
https://www.ipaenglish.com/user-account/,https://www.ipaenglish.com/wp-content/uploads/2024/08/36AA30E1-0DC1-4CC5-836E-1A10FE7F747B-e1723601218764.png,IPA English,False,44315,image/png
https://www.ipaenglish.com/user-account/,https://www.ipaenglish.com/wp-content/plugins/translatepress-multilingual/assets/images/flags/en_US.png,en_US,False,502,image/png
https://www.ipaenglish.com/user-account/,https://www.ipaenglish.com/wp-content/plugins/translatepress-multilingual/assets/images/flags/vi.png,vi,False,454,image/png
https://www.ipaenglish.com/user-account/,https://www.ipaenglish.com/wp-content/plugins/translatepress-multilingual/assets/images/flags/en_US.png,en_US,False,502,image/png
https://www.ipaenglish.com/user-account/,https://www.ipaenglish.com/wp-content/plugins/translatepress-multilingual/assets/images/flags/vi.png,vi,False,454,image/png
https://www.ipaenglish.com/user-account/,https://www.ipaenglish.com/wp-content/uploads/2025/08/IPA-English-1024x536.jpg,,True,89034,image/jpeg
https://www.ipaenglish.com/vi/learning-system/,https://www.ipaenglish.com/wp-content/uploads/2024/08/36AA30E1-0DC1-4CC5-836E-1A10FE7F747B-e1723601218764.png,IPA English,False,44315,image/png
https://www.ipaenglish.com/vi/learning-system/,https://www.ipaenglish.com/wp-content/plugins/translatepress-multilingual/assets/images/flags/vi.png,vi,False,454,image/png
https://www.ipaenglish.com/vi/learning-system/,https://www.ipaenglish.com/wp-content/plugins/translatepress-multilingual/assets/images/flags/en_US.png,en_US,False,502,image/png
https://www.ipaenglish.com/vi/learning-system/,https://www.ipaenglish.com/wp-content/plugins/translatepress-multilingual/assets/images/flags/vi.png,vi,False,454,image/png
https://www.ipaenglish.com/vi/learning-system/,https://www.ipaenglish.com/wp-content/plugins/translatepress-multilingual/assets/images/flags/en_US.png,en_US,False,502,image/png
https://www.ipaenglish.com/vi/learning-system/,https://www.ipaenglish.com/wp-content/uploads/2024/08/IPA-student-Large-1279x852.jpeg,,True,69524,image/jpeg
https://www.ipaenglish.com/vi/learning-system/,https://www.ipaenglish.com/wp-content/uploads/2024/08/7.-Learning-System-Infographic-version-1-410x1024.png,,True,229435,image/png
https://www.ipaenglish.com/vi/learning-system/,https://www.ipaenglish.com/wp-content/uploads/2025/08/IPA-English-1024x536.jpg,,True,89034,image/jpeg
https://www.ipaenglish.com/vi/founders/,https://www.ipaenglish.com/wp-content/uploads/2024/08/36AA30E1-0DC1-4CC5-836E-1A10FE7F747B-e1723601218764.png,IPA English,False,44315,image/png
https://www.ipaenglish.com/vi/founders/,https://www.ipaenglish.com/wp-content/plugins/translatepress-multilingual/assets/images/flags/vi.png,vi,False,454,image/png
https://www.ipaenglish.com/vi/founders/,https://www.ipaenglish.com/wp-content/plugins/translatepress-multilingual/assets/images/flags/en_US.png,en_US,False,502,image/png
https://www.ipaenglish.com/vi/founders/,https://www.ipaenglish.com/wp-content/plugins/translatepress-multilingual/assets/images/flags/vi.png,vi,False,454,image/png
https://www.ipaenglish.com/vi/founders/,https://www.ipaenglish.com/wp-content/plugins/translatepress-multilingual/assets/images/flags/en_US.png,en_US,False,502,image/png
https://www.ipaenglish.com/vi/founders/,https://www.ipaenglish.com/wp-content/uploads/2024/08/tony-kris-1024x768.jpeg,,True,99100,image/jpeg
https://www.ipaenglish.com/vi/founders/,https://www.ipaenglish.com/wp-content/uploads/2024/08/Teacher-Training-2JPG-1024x683.jpg,,True,111735,image/jpeg
https://www.ipaenglish.com/vi/founders/,https://www.ipaenglish.com/wp-content/uploads/2024/08/Kristin-300x300.png,,True,80693,image/png
https://www.ipaenglish.com/vi/founders/,https://www.ipaenglish.com/wp-content/uploads/2025/08/DSC0052-graded-white-background-300x294.jpg,,True,12443,image/jpeg
https://www.ipaenglish.com/vi/founders/,https://www.ipaenglish.com/wp-content/uploads/2025/08/IPA-English-1024x536.jpg,,True,89034,image/jpeg
https://www.ipaenglish.com/vi/testimonials/,https://www.ipaenglish.com/wp-content/uploads/2024/08/36AA30E1-0DC1-4CC5-836E-1A10FE7F747B-e1723601218764.png,IPA English,False,44315,image/png
https://www.ipaenglish.com/vi/testimonials/,https://www.ipaenglish.com/wp-content/plugins/translatepress-multilingual/assets/images/flags/vi.png,vi,False,454,image/png
https://www.ipaenglish.com/vi/testimonials/,https://www.ipaenglish.com/wp-content/plugins/translatepress-multilingual/assets/images/flags/en_US.png,en_US,False,502,image/png
https://www.ipaenglish.com/vi/testimonials/,https://www.ipaenglish.com/wp-content/plugins/translatepress-multilingual/assets/images/flags/vi.png,vi,False,454,image/png
https://www.ipaenglish.com/vi/testimonials/,https://www.ipaenglish.com/wp-content/plugins/translatepress-multilingual/assets/images/flags/en_US.png,en_US,False,502,image/png
https://www.ipaenglish.com/vi/testimonials/,https://www.ipaenglish.com/wp-content/uploads/2025/08/IPA-English-1024x536.jpg,,True,89034,image/jpeg
https://www.ipaenglish.com/vi/faq/,https://www.ipaenglish.com/wp-content/uploads/2024/08/36AA30E1-0DC1-4CC5-836E-1A10FE7F747B-e1723601218764.png,IPA English,False,44315,image/png
https://www.ipaenglish.com/vi/faq/,https://www.ipaenglish.com/wp-content/plugins/translatepress-multilingual/assets/images/flags/vi.png,vi,False,454,image/png
https://www.ipaenglish.com/vi/faq/,https://www.ipaenglish.com/wp-content/plugins/translatepress-multilingual/assets/images/flags/en_US.png,en_US,False,502,image/png
https://www.ipaenglish.com/vi/faq/,https://www.ipaenglish.com/wp-content/plugins/translatepress-multilingual/assets/images/flags/vi.png,vi,False,454,image/png
https://www.ipaenglish.com/vi/faq/,https://www.ipaenglish.com/wp-content/plugins/translatepress-multilingual/assets/images/flags/en_US.png,en_US,False,502,image/png
https://www.ipaenglish.com/vi/faq/,https://www.ipaenglish.com/wp-content/uploads/2025/08/IPA-English-1024x536.jpg,,True,89034,image/jpeg
https://www.ipaenglish.com/vi/global-english-for-teen-achievers/,https://www.ipaenglish.com/wp-content/uploads/2024/08/36AA30E1-0DC1-4CC5-836E-1A10FE7F747B-e1723601218764.png,IPA English,False,44315,image/png
https://www.ipaenglish.com/vi/global-english-for-teen-achievers/,https://www.ipaenglish.com/wp-content/plugins/translatepress-multilingual/assets/images/flags/vi.png,vi,False,454,image/png
https://www.ipaenglish.com/vi/global-english-for-teen-achievers/,https://www.ipaenglish.com/wp-content/plugins/translatepress-multilingual/assets/images/flags/en_US.png,en_US,False,502,image/png
https://www.ipaenglish.com/vi/global-english-for-teen-achievers/,https://www.ipaenglish.com/wp-content/plugins/translatepress-multilingual/assets/images/flags/vi.png,vi,False,454,image/png
https://www.ipaenglish.com/vi/global-english-for-teen-achievers/,https://www.ipaenglish.com/wp-content/plugins/translatepress-multilingual/assets/images/flags/en_US.png,en_US,False,502,image/png
https://www.ipaenglish.com/vi/global-english-for-teen-achievers/,https://www.ipaenglish.com/wp-content/uploads/2024/08/Tony-Profile-Picture-e1723626782498.png,,True,91782,image/png
https://www.ipaenglish.com/vi/global-english-for-teen-achievers/,https://www.ipaenglish.com/wp-content/uploads/2025/08/course-icon-5.png,,True,17987,image/png
https://www.ipaenglish.com/vi/global-english-for-teen-achievers/,https://www.ipaenglish.com/wp-content/uploads/2024/08/Image-8-Large-1-1024x768.jpeg,,True,93838,image/jpeg
https://www.ipaenglish.com/vi/global-english-for-teen-achievers/,https://www.ipaenglish.com/wp-content/uploads/2025/08/IPA-English-1024x536.jpg,,True,89034,image/jpeg
https://www.ipaenglish.com/user-public-account/tony-evans/,https://www.ipaenglish.com/wp-content/uploads/2024/08/36AA30E1-0DC1-4CC5-836E-1A10FE7F747B-e1723601218764.png,IPA English,False,44315,image/png
https://www.ipaenglish.com/user-public-account/tony-evans/,https://www.ipaenglish.com/wp-content/plugins/translatepress-multilingual/assets/images/flags/en_US.png,en_US,False,502,image/png
https://www.ipaenglish.com/user-public-account/tony-evans/,https://www.ipaenglish.com/wp-content/plugins/translatepress-multilingual/assets/images/flags/vi.png,vi,False,454,image/png
https://www.ipaenglish.com/user-public-account/tony-evans/,https://www.ipaenglish.com/wp-content/plugins/translatepress-multilingual/assets/images/flags/en_US.png,en_US,False,502,image/png
https://www.ipaenglish.com/user-public-account/tony-evans/,https://www.ipaenglish.com/wp-content/plugins/translatepress-multilingual/assets/images/flags/vi.png,vi,False,454,image/png
https://www.ipaenglish.com/user-public-account/tony-evans/,https://www.ipaenglish.com/wp-content/uploads/2024/08/Tony-Profile-Picture-e1723626782498.png,,True,91782,image/png
https://www.ipaenglish.com/user-public-account/tony-evans/,https://www.ipaenglish.com/wp-content/uploads/2025/08/IPA-English-1024x536.jpg,,True,89034,image/jpeg
https://www.ipaenglish.com/courses/?terms%5B%5D=22&category%5B%5D=22,https://www.ipaenglish.com/wp-content/uploads/2024/08/36AA30E1-0DC1-4CC5-836E-1A10FE7F747B-e1723601218764.png,IPA English,False,44315,image/png
https://www.ipaenglish.com/courses/?terms%5B%5D=22&category%5B%5D=22,https://www.ipaenglish.com/wp-content/plugins/translatepress-multilingual/assets/images/flags/en_US.png,en_US,False,502,image/png
https://www.ipaenglish.com/courses/?terms%5B%5D=22&category%5B%5D=22,https://www.ipaenglish.com/wp-content/plugins/translatepress-multilingual/assets/images/flags/vi.png,vi,False,454,image/png
https://www.ipaenglish.com/courses/?terms%5B%5D=22&category%5B%5D=22,https://www.ipaenglish.com/wp-content/plugins/translatepress-multilingual/assets/images/flags/en_US.png,en_US,False,502,image/png
https://www.ipaenglish.com/courses/?terms%5B%5D=22&category%5B%5D=22,https://www.ipaenglish.com/wp-content/plugins/translatepress-multilingual/assets/images/flags/vi.png,vi,False,454,image/png
https://www.ipaenglish.com/courses/?terms%5B%5D=22&category%5B%5D=22,https://www.ipaenglish.com/wp-content/uploads/2025/08/IPA-English-1024x536.jpg,,True,89034,image/jpeg
https://www.ipaenglish.com/vi/communicative-english-for-adults/,https://www.ipaenglish.com/wp-content/uploads/2024/08/36AA30E1-0DC1-4CC5-836E-1A10FE7F747B-e1723601218764.png,IPA English,False,44315,image/png
https://www.ipaenglish.com/vi/communicative-english-for-adults/,https://www.ipaenglish.com/wp-content/plugins/translatepress-multilingual/assets/images/flags/vi.png,vi,False,454,image/png
https://www.ipaenglish.com/vi/communicative-english-for-adults/,https://www.ipaenglish.com/wp-content/plugins/translatepress-multilingual/assets/images/flags/en_US.png,en_US,False,502,image/png
https://www.ipaenglish.com/vi/communicative-english-for-adults/,https://www.ipaenglish.com/wp-content/plugins/translatepress-multilingual/assets/images/flags/vi.png,vi,False,454,image/png
https://www.ipaenglish.com/vi/communicative-english-for-adults/,https://www.ipaenglish.com/wp-content/plugins/translatepress-multilingual/assets/images/flags/en_US.png,en_US,False,502,image/png
https://www.ipaenglish.com/vi/communicative-english-for-adults/,https://www.ipaenglish.com/wp-content/uploads/2025/08/IPA-English-1024x536.jpg,,True,89034,image/jpeg
https://www.ipaenglish.com/vi/book-a-test/,https://www.ipaenglish.com/wp-content/uploads/2024/08/36AA30E1-0DC1-4CC5-836E-1A10FE7F747B-e1723601218764.png,IPA English,False,44315,image/png
https://www.ipaenglish.com/vi/book-a-test/,https://www.ipaenglish.com/wp-content/plugins/translatepress-multilingual/assets/images/flags/vi.png,vi,False,454,image/png
https://www.ipaenglish.com/vi/book-a-test/,https://www.ipaenglish.com/wp-content/plugins/translatepress-multilingual/assets/images/flags/en_US.png,en_US,False,502,image/png
https://www.ipaenglish.com/vi/book-a-test/,https://www.ipaenglish.com/wp-content/plugins/translatepress-multilingual/assets/images/flags/vi.png,vi,False,454,image/png
https://www.ipaenglish.com/vi/book-a-test/,https://www.ipaenglish.com/wp-content/plugins/translatepress-multilingual/assets/images/flags/en_US.png,en_US,False,502,image/png
https://www.ipaenglish.com/vi/book-a-test/,https://www.ipaenglish.com/wp-content/uploads/2024/08/Image-12-Large-1279x852.jpeg,,True,90596,image/jpeg
https://www.ipaenglish.com/vi/book-a-test/,https://www.ipaenglish.com/wp-content/uploads/2025/08/IPA-English-1024x536.jpg,,True,89034,image/jpeg
https://www.ipaenglish.com/vi/contact-us/,https://www.ipaenglish.com/wp-content/uploads/2024/08/36AA30E1-0DC1-4CC5-836E-1A10FE7F747B-e1723601218764.png,IPA English,False,44315,image/png
https://www.ipaenglish.com/vi/contact-us/,https://www.ipaenglish.com/wp-content/plugins/translatepress-multilingual/assets/images/flags/vi.png,vi,False,454,image/png
https://www.ipaenglish.com/vi/contact-us/,https://www.ipaenglish.com/wp-content/plugins/translatepress-multilingual/assets/images/flags/en_US.png,en_US,False,502,image/png
https://www.ipaenglish.com/vi/contact-us/,https://www.ipaenglish.com/wp-content/plugins/translatepress-multilingual/assets/images/flags/vi.png,vi,False,454,image/png
https://www.ipaenglish.com/vi/contact-us/,https://www.ipaenglish.com/wp-content/plugins/translatepress-multilingual/assets/images/flags/en_US.png,en_US,False,502,image/png
https://www.ipaenglish.com/vi/contact-us/,https://www.ipaenglish.com/wp-content/uploads/2025/08/IPA-English-1024x536.jpg,,True,89034,image/jpeg
https://www.ipaenglish.com/vi/user-account/,https://www.ipaenglish.com/wp-content/uploads/2024/08/36AA30E1-0DC1-4CC5-836E-1A10FE7F747B-e1723601218764.png,IPA English,False,44315,image/png
https://www.ipaenglish.com/vi/user-account/,https://www.ipaenglish.com/wp-content/plugins/translatepress-multilingual/assets/images/flags/vi.png,vi,False,454,image/png
https://www.ipaenglish.com/vi/user-account/,https://www.ipaenglish.com/wp-content/plugins/translatepress-multilingual/assets/images/flags/en_US.png,en_US,False,502,image/png
https://www.ipaenglish.com/vi/user-account/,https://www.ipaenglish.com/wp-content/plugins/translatepress-multilingual/assets/images/flags/vi.png,vi,False,454,image/png
https://www.ipaenglish.com/vi/user-account/,https://www.ipaenglish.com/wp-content/plugins/translatepress-multilingual/assets/images/flags/en_US.png,en_US,False,502,image/png
https://www.ipaenglish.com/vi/user-account/,https://www.ipaenglish.com/wp-content/uploads/2025/08/IPA-English-1024x536.jpg,,True,89034,image/jpeg
https://www.ipaenglish.com/vi/user-public-account/tony-evans/,https://www.ipaenglish.com/wp-content/uploads/2024/08/36AA30E1-0DC1-4CC5-836E-1A10FE7F747B-e1723601218764.png,IPA English,False,44315,image/png
https://www.ipaenglish.com/vi/user-public-account/tony-evans/,https://www.ipaenglish.com/wp-content/plugins/translatepress-multilingual/assets/images/flags/vi.png,vi,False,454,image/png
https://www.ipaenglish.com/vi/user-public-account/tony-evans/,https://www.ipaenglish.com/wp-content/plugins/translatepress-multilingual/assets/images/flags/en_US.png,en_US,False,502,image/png
https://www.ipaenglish.com/vi/user-public-account/tony-evans/,https://www.ipaenglish.com/wp-content/plugins/translatepress-multilingual/assets/images/flags/vi.png,vi,False,454,image/png
https://www.ipaenglish.com/vi/user-public-account/tony-evans/,https://www.ipaenglish.com/wp-content/plugins/translatepress-multilingual/assets/images/flags/en_US.png,en_US,False,502,image/png
https://www.ipaenglish.com/vi/user-public-account/tony-evans/,https://www.ipaenglish.com/wp-content/uploads/2024/08/Tony-Profile-Picture-e1723626782498.png,,True,91782,image/png
https://www.ipaenglish.com/vi/user-public-account/tony-evans/,https://www.ipaenglish.com/wp-content/uploads/2025/08/IPA-English-1024x536.jpg,,True,89034,image/jpeg
https://www.ipaenglish.com/vi/courses/?terms%5B%5D=22&category%5B%5D=22,https://www.ipaenglish.com/wp-content/uploads/2024/08/36AA30E1-0DC1-4CC5-836E-1A10FE7F747B-e1723601218764.png,IPA English,False,44315,image/png
https://www.ipaenglish.com/vi/courses/?terms%5B%5D=22&category%5B%5D=22,https://www.ipaenglish.com/wp-content/plugins/translatepress-multilingual/assets/images/flags/vi.png,vi,False,454,image/png
https://www.ipaenglish.com/vi/courses/?terms%5B%5D=22&category%5B%5D=22,https://www.ipaenglish.com/wp-content/plugins/translatepress-multilingual/assets/images/flags/en_US.png,en_US,False,502,image/png
https://www.ipaenglish.com/vi/courses/?terms%5B%5D=22&category%5B%5D=22,https://www.ipaenglish.com/wp-content/plugins/translatepress-multilingual/assets/images/flags/vi.png,vi,False,454,image/png
https://www.ipaenglish.com/vi/courses/?terms%5B%5D=22&category%5B%5D=22,https://www.ipaenglish.com/wp-content/plugins/translatepress-multilingual/assets/images/flags/en_US.png,en_US,False,502,image/png
https://www.ipaenglish.com/vi/courses/?terms%5B%5D=22&category%5B%5D=22,https://www.ipaenglish.com/wp-content/uploads/2025/08/IPA-English-1024x536.jpg,,True,89034,image/jpeg
https://www.ipaenglish.com/courses/,https://www.ipaenglish.com/wp-content/uploads/2024/08/36AA30E1-0DC1-4CC5-836E-1A10FE7F747B-e1723601218764.png,IPA English,False,44315,image/png
https://www.ipaenglish.com/courses/,https://www.ipaenglish.com/wp-content/plugins/translatepress-multilingual/assets/images/flags/en_US.png,en_US,False,502,image/png
https://www.ipaenglish.com/courses/,https://www.ipaenglish.com/wp-content/plugins/translatepress-multilingual/assets/images/flags/vi.png,vi,False,454,image/png
https://www.ipaenglish.com/courses/,https://www.ipaenglish.com/wp-content/plugins/translatepress-multilingual/assets/images/flags/en_US.png,en_US,False,502,image/png
https://www.ipaenglish.com/courses/,https://www.ipaenglish.com/wp-content/plugins/translatepress-multilingual/assets/images/flags/vi.png,vi,False,454,image/png
https://www.ipaenglish.com/courses/,https://www.ipaenglish.com/wp-content/uploads/2025/08/IPA-English-1024x536.jpg,,True,89034,image/jpeg
https://www.ipaenglish.com/vi/courses/,https://www.ipaenglish.com/wp-content/uploads/2024/08/36AA30E1-0DC1-4CC5-836E-1A10FE7F747B-e1723601218764.png,IPA English,False,44315,image/png
https://www.ipaenglish.com/vi/courses/,https://www.ipaenglish.com/wp-content/plugins/translatepress-multilingual/assets/images/flags/vi.png,vi,False,454,image/png
https://www.ipaenglish.com/vi/courses/,https://www.ipaenglish.com/wp-content/plugins/translatepress-multilingual/assets/images/flags/en_US.png,en_US,False,502,image/png
https://www.ipaenglish.com/vi/courses/,https://www.ipaenglish.com/wp-content/plugins/translatepress-multilingual/assets/images/flags/vi.png,vi,False,454,image/png
https://www.ipaenglish.com/vi/courses/,https://www.ipaenglish.com/wp-content/plugins/translatepress-multilingual/assets/images/flags/en_US.png,en_US,False,502,image/png
https://www.ipaenglish.com/vi/courses/,https://www.ipaenglish.com/wp-content/uploads/2025/08/IPA-English-1024x536.jpg,,True,89034,image/jpeg
