destination,source
https://www.ipaenglish.com/,https://www.ipaenglish.com/
https://www.ipaenglish.com/,https://www.ipaenglish.com/book-a-test/
https://www.ipaenglish.com/,https://www.ipaenglish.com/communicative-english-for-adults/
https://www.ipaenglish.com/,https://www.ipaenglish.com/contact-us/
https://www.ipaenglish.com/,https://www.ipaenglish.com/courses/
https://www.ipaenglish.com/,https://www.ipaenglish.com/courses/?terms%5B%5D=22&category%5B%5D=22
https://www.ipaenglish.com/,https://www.ipaenglish.com/faq/
https://www.ipaenglish.com/,https://www.ipaenglish.com/founders/
https://www.ipaenglish.com/,https://www.ipaenglish.com/global-english-for-teen-achievers/
https://www.ipaenglish.com/,https://www.ipaenglish.com/learning-system/
https://www.ipaenglish.com/,https://www.ipaenglish.com/testimonials/
https://www.ipaenglish.com/,https://www.ipaenglish.com/user-account/
https://www.ipaenglish.com/,https://www.ipaenglish.com/user-public-account/tony-evans/
https://www.ipaenglish.com/,https://www.ipaenglish.com/vi/
https://www.ipaenglish.com/learning-system/,https://www.ipaenglish.com/
https://www.ipaenglish.com/learning-system/,https://www.ipaenglish.com/book-a-test/
https://www.ipaenglish.com/learning-system/,https://www.ipaenglish.com/communicative-english-for-adults/
https://www.ipaenglish.com/learning-system/,https://www.ipaenglish.com/contact-us/
https://www.ipaenglish.com/learning-system/,https://www.ipaenglish.com/courses/
https://www.ipaenglish.com/learning-system/,https://www.ipaenglish.com/courses/?terms%5B%5D=22&category%5B%5D=22
https://www.ipaenglish.com/learning-system/,https://www.ipaenglish.com/faq/
https://www.ipaenglish.com/learning-system/,https://www.ipaenglish.com/founders/
https://www.ipaenglish.com/learning-system/,https://www.ipaenglish.com/global-english-for-teen-achievers/
https://www.ipaenglish.com/learning-system/,https://www.ipaenglish.com/learning-system/
https://www.ipaenglish.com/learning-system/,https://www.ipaenglish.com/testimonials/
https://www.ipaenglish.com/learning-system/,https://www.ipaenglish.com/user-account/
https://www.ipaenglish.com/learning-system/,https://www.ipaenglish.com/user-public-account/tony-evans/
https://www.ipaenglish.com/learning-system/,https://www.ipaenglish.com/vi/learning-system/
https://www.ipaenglish.com/founders/,https://www.ipaenglish.com/
https://www.ipaenglish.com/founders/,https://www.ipaenglish.com/book-a-test/
https://www.ipaenglish.com/founders/,https://www.ipaenglish.com/communicative-english-for-adults/
https://www.ipaenglish.com/founders/,https://www.ipaenglish.com/contact-us/
https://www.ipaenglish.com/founders/,https://www.ipaenglish.com/courses/
https://www.ipaenglish.com/founders/,https://www.ipaenglish.com/courses/?terms%5B%5D=22&category%5B%5D=22
https://www.ipaenglish.com/founders/,https://www.ipaenglish.com/faq/
https://www.ipaenglish.com/founders/,https://www.ipaenglish.com/founders/
https://www.ipaenglish.com/founders/,https://www.ipaenglish.com/global-english-for-teen-achievers/
https://www.ipaenglish.com/founders/,https://www.ipaenglish.com/learning-system/
https://www.ipaenglish.com/founders/,https://www.ipaenglish.com/testimonials/
https://www.ipaenglish.com/founders/,https://www.ipaenglish.com/user-account/
https://www.ipaenglish.com/founders/,https://www.ipaenglish.com/user-public-account/tony-evans/
https://www.ipaenglish.com/founders/,https://www.ipaenglish.com/vi/founders/
https://www.ipaenglish.com/testimonials/,https://www.ipaenglish.com/
https://www.ipaenglish.com/testimonials/,https://www.ipaenglish.com/book-a-test/
https://www.ipaenglish.com/testimonials/,https://www.ipaenglish.com/communicative-english-for-adults/
https://www.ipaenglish.com/testimonials/,https://www.ipaenglish.com/contact-us/
https://www.ipaenglish.com/testimonials/,https://www.ipaenglish.com/courses/
https://www.ipaenglish.com/testimonials/,https://www.ipaenglish.com/courses/?terms%5B%5D=22&category%5B%5D=22
https://www.ipaenglish.com/testimonials/,https://www.ipaenglish.com/faq/
https://www.ipaenglish.com/testimonials/,https://www.ipaenglish.com/founders/
https://www.ipaenglish.com/testimonials/,https://www.ipaenglish.com/global-english-for-teen-achievers/
https://www.ipaenglish.com/testimonials/,https://www.ipaenglish.com/learning-system/
https://www.ipaenglish.com/testimonials/,https://www.ipaenglish.com/testimonials/
https://www.ipaenglish.com/testimonials/,https://www.ipaenglish.com/user-account/
https://www.ipaenglish.com/testimonials/,https://www.ipaenglish.com/user-public-account/tony-evans/
https://www.ipaenglish.com/testimonials/,https://www.ipaenglish.com/vi/testimonials/
https://www.ipaenglish.com/faq/,https://www.ipaenglish.com/
https://www.ipaenglish.com/faq/,https://www.ipaenglish.com/book-a-test/
https://www.ipaenglish.com/faq/,https://www.ipaenglish.com/communicative-english-for-adults/
https://www.ipaenglish.com/faq/,https://www.ipaenglish.com/contact-us/
https://www.ipaenglish.com/faq/,https://www.ipaenglish.com/courses/
https://www.ipaenglish.com/faq/,https://www.ipaenglish.com/courses/?terms%5B%5D=22&category%5B%5D=22
https://www.ipaenglish.com/faq/,https://www.ipaenglish.com/faq/
https://www.ipaenglish.com/faq/,https://www.ipaenglish.com/founders/
https://www.ipaenglish.com/faq/,https://www.ipaenglish.com/global-english-for-teen-achievers/
https://www.ipaenglish.com/faq/,https://www.ipaenglish.com/learning-system/
https://www.ipaenglish.com/faq/,https://www.ipaenglish.com/testimonials/
https://www.ipaenglish.com/faq/,https://www.ipaenglish.com/user-account/
https://www.ipaenglish.com/faq/,https://www.ipaenglish.com/user-public-account/tony-evans/
https://www.ipaenglish.com/faq/,https://www.ipaenglish.com/vi/faq/
https://www.ipaenglish.com/global-english-for-teen-achievers/,https://www.ipaenglish.com/
https://www.ipaenglish.com/global-english-for-teen-achievers/,https://www.ipaenglish.com/book-a-test/
https://www.ipaenglish.com/global-english-for-teen-achievers/,https://www.ipaenglish.com/communicative-english-for-adults/
https://www.ipaenglish.com/global-english-for-teen-achievers/,https://www.ipaenglish.com/contact-us/
https://www.ipaenglish.com/global-english-for-teen-achievers/,https://www.ipaenglish.com/courses/
https://www.ipaenglish.com/global-english-for-teen-achievers/,https://www.ipaenglish.com/courses/?terms%5B%5D=22&category%5B%5D=22
https://www.ipaenglish.com/global-english-for-teen-achievers/,https://www.ipaenglish.com/faq/
https://www.ipaenglish.com/global-english-for-teen-achievers/,https://www.ipaenglish.com/founders/
https://www.ipaenglish.com/global-english-for-teen-achievers/,https://www.ipaenglish.com/global-english-for-teen-achievers/
https://www.ipaenglish.com/global-english-for-teen-achievers/,https://www.ipaenglish.com/learning-system/
https://www.ipaenglish.com/global-english-for-teen-achievers/,https://www.ipaenglish.com/testimonials/
https://www.ipaenglish.com/global-english-for-teen-achievers/,https://www.ipaenglish.com/user-account/
https://www.ipaenglish.com/global-english-for-teen-achievers/,https://www.ipaenglish.com/user-public-account/tony-evans/
https://www.ipaenglish.com/global-english-for-teen-achievers/,https://www.ipaenglish.com/vi/global-english-for-teen-achievers/
https://www.ipaenglish.com/communicative-english-for-adults/,https://www.ipaenglish.com/
https://www.ipaenglish.com/communicative-english-for-adults/,https://www.ipaenglish.com/book-a-test/
https://www.ipaenglish.com/communicative-english-for-adults/,https://www.ipaenglish.com/communicative-english-for-adults/
https://www.ipaenglish.com/communicative-english-for-adults/,https://www.ipaenglish.com/contact-us/
https://www.ipaenglish.com/communicative-english-for-adults/,https://www.ipaenglish.com/courses/
https://www.ipaenglish.com/communicative-english-for-adults/,https://www.ipaenglish.com/courses/?terms%5B%5D=22&category%5B%5D=22
https://www.ipaenglish.com/communicative-english-for-adults/,https://www.ipaenglish.com/faq/
https://www.ipaenglish.com/communicative-english-for-adults/,https://www.ipaenglish.com/founders/
https://www.ipaenglish.com/communicative-english-for-adults/,https://www.ipaenglish.com/global-english-for-teen-achievers/
https://www.ipaenglish.com/communicative-english-for-adults/,https://www.ipaenglish.com/learning-system/
https://www.ipaenglish.com/communicative-english-for-adults/,https://www.ipaenglish.com/testimonials/
https://www.ipaenglish.com/communicative-english-for-adults/,https://www.ipaenglish.com/user-account/
https://www.ipaenglish.com/communicative-english-for-adults/,https://www.ipaenglish.com/user-public-account/tony-evans/
https://www.ipaenglish.com/communicative-english-for-adults/,https://www.ipaenglish.com/vi/communicative-english-for-adults/
https://www.ipaenglish.com/book-a-test/,https://www.ipaenglish.com/
https://www.ipaenglish.com/book-a-test/,https://www.ipaenglish.com/book-a-test/
https://www.ipaenglish.com/book-a-test/,https://www.ipaenglish.com/communicative-english-for-adults/
https://www.ipaenglish.com/book-a-test/,https://www.ipaenglish.com/contact-us/
https://www.ipaenglish.com/book-a-test/,https://www.ipaenglish.com/courses/
https://www.ipaenglish.com/book-a-test/,https://www.ipaenglish.com/courses/?terms%5B%5D=22&category%5B%5D=22
https://www.ipaenglish.com/book-a-test/,https://www.ipaenglish.com/faq/
https://www.ipaenglish.com/book-a-test/,https://www.ipaenglish.com/founders/
https://www.ipaenglish.com/book-a-test/,https://www.ipaenglish.com/global-english-for-teen-achievers/
https://www.ipaenglish.com/book-a-test/,https://www.ipaenglish.com/learning-system/
https://www.ipaenglish.com/book-a-test/,https://www.ipaenglish.com/testimonials/
https://www.ipaenglish.com/book-a-test/,https://www.ipaenglish.com/user-account/
https://www.ipaenglish.com/book-a-test/,https://www.ipaenglish.com/user-public-account/tony-evans/
https://www.ipaenglish.com/book-a-test/,https://www.ipaenglish.com/vi/book-a-test/
https://www.ipaenglish.com/contact-us/,https://www.ipaenglish.com/
https://www.ipaenglish.com/contact-us/,https://www.ipaenglish.com/book-a-test/
https://www.ipaenglish.com/contact-us/,https://www.ipaenglish.com/communicative-english-for-adults/
https://www.ipaenglish.com/contact-us/,https://www.ipaenglish.com/contact-us/
https://www.ipaenglish.com/contact-us/,https://www.ipaenglish.com/courses/
https://www.ipaenglish.com/contact-us/,https://www.ipaenglish.com/courses/?terms%5B%5D=22&category%5B%5D=22
https://www.ipaenglish.com/contact-us/,https://www.ipaenglish.com/faq/
https://www.ipaenglish.com/contact-us/,https://www.ipaenglish.com/founders/
https://www.ipaenglish.com/contact-us/,https://www.ipaenglish.com/global-english-for-teen-achievers/
https://www.ipaenglish.com/contact-us/,https://www.ipaenglish.com/learning-system/
https://www.ipaenglish.com/contact-us/,https://www.ipaenglish.com/testimonials/
https://www.ipaenglish.com/contact-us/,https://www.ipaenglish.com/user-account/
https://www.ipaenglish.com/contact-us/,https://www.ipaenglish.com/user-public-account/tony-evans/
https://www.ipaenglish.com/contact-us/,https://www.ipaenglish.com/vi/contact-us/
https://www.ipaenglish.com/vi/,https://www.ipaenglish.com/
https://www.ipaenglish.com/vi/,https://www.ipaenglish.com/vi/
https://www.ipaenglish.com/vi/,https://www.ipaenglish.com/vi/book-a-test/
https://www.ipaenglish.com/vi/,https://www.ipaenglish.com/vi/communicative-english-for-adults/
https://www.ipaenglish.com/vi/,https://www.ipaenglish.com/vi/contact-us/
https://www.ipaenglish.com/vi/,https://www.ipaenglish.com/vi/courses/
https://www.ipaenglish.com/vi/,https://www.ipaenglish.com/vi/courses/?terms%5B%5D=22&category%5B%5D=22
https://www.ipaenglish.com/vi/,https://www.ipaenglish.com/vi/faq/
https://www.ipaenglish.com/vi/,https://www.ipaenglish.com/vi/founders/
https://www.ipaenglish.com/vi/,https://www.ipaenglish.com/vi/global-english-for-teen-achievers/
https://www.ipaenglish.com/vi/,https://www.ipaenglish.com/vi/learning-system/
https://www.ipaenglish.com/vi/,https://www.ipaenglish.com/vi/testimonials/
https://www.ipaenglish.com/vi/,https://www.ipaenglish.com/vi/user-account/
https://www.ipaenglish.com/vi/,https://www.ipaenglish.com/vi/user-public-account/tony-evans/
https://www.ipaenglish.com/user-account/,https://www.ipaenglish.com/
https://www.ipaenglish.com/user-account/,https://www.ipaenglish.com/book-a-test/
https://www.ipaenglish.com/user-account/,https://www.ipaenglish.com/communicative-english-for-adults/
https://www.ipaenglish.com/user-account/,https://www.ipaenglish.com/contact-us/
https://www.ipaenglish.com/user-account/,https://www.ipaenglish.com/courses/
https://www.ipaenglish.com/user-account/,https://www.ipaenglish.com/courses/?terms%5B%5D=22&category%5B%5D=22
https://www.ipaenglish.com/user-account/,https://www.ipaenglish.com/faq/
https://www.ipaenglish.com/user-account/,https://www.ipaenglish.com/founders/
https://www.ipaenglish.com/user-account/,https://www.ipaenglish.com/global-english-for-teen-achievers/
https://www.ipaenglish.com/user-account/,https://www.ipaenglish.com/learning-system/
https://www.ipaenglish.com/user-account/,https://www.ipaenglish.com/testimonials/
https://www.ipaenglish.com/user-account/,https://www.ipaenglish.com/user-account/
https://www.ipaenglish.com/user-account/,https://www.ipaenglish.com/vi/user-account/
https://m.me/IPAEnglish.Ecopark,https://www.ipaenglish.com/
https://m.me/IPAEnglish.Ecopark,https://www.ipaenglish.com/book-a-test/
https://m.me/IPAEnglish.Ecopark,https://www.ipaenglish.com/communicative-english-for-adults/
https://m.me/IPAEnglish.Ecopark,https://www.ipaenglish.com/contact-us/
https://m.me/IPAEnglish.Ecopark,https://www.ipaenglish.com/courses/
https://m.me/IPAEnglish.Ecopark,https://www.ipaenglish.com/courses/?terms%5B%5D=22&category%5B%5D=22
https://m.me/IPAEnglish.Ecopark,https://www.ipaenglish.com/faq/
https://m.me/IPAEnglish.Ecopark,https://www.ipaenglish.com/founders/
https://m.me/IPAEnglish.Ecopark,https://www.ipaenglish.com/global-english-for-teen-achievers/
https://m.me/IPAEnglish.Ecopark,https://www.ipaenglish.com/learning-system/
https://m.me/IPAEnglish.Ecopark,https://www.ipaenglish.com/testimonials/
https://m.me/IPAEnglish.Ecopark,https://www.ipaenglish.com/user-account/
https://m.me/IPAEnglish.Ecopark,https://www.ipaenglish.com/user-public-account/tony-evans/
https://m.me/IPAEnglish.Ecopark,https://www.ipaenglish.com/vi/
https://m.me/IPAEnglish.Ecopark,https://www.ipaenglish.com/vi/book-a-test/
https://m.me/IPAEnglish.Ecopark,https://www.ipaenglish.com/vi/communicative-english-for-adults/
https://m.me/IPAEnglish.Ecopark,https://www.ipaenglish.com/vi/contact-us/
https://m.me/IPAEnglish.Ecopark,https://www.ipaenglish.com/vi/courses/
https://m.me/IPAEnglish.Ecopark,https://www.ipaenglish.com/vi/courses/?terms%5B%5D=22&category%5B%5D=22
https://m.me/IPAEnglish.Ecopark,https://www.ipaenglish.com/vi/faq/
https://m.me/IPAEnglish.Ecopark,https://www.ipaenglish.com/vi/founders/
https://m.me/IPAEnglish.Ecopark,https://www.ipaenglish.com/vi/global-english-for-teen-achievers/
https://m.me/IPAEnglish.Ecopark,https://www.ipaenglish.com/vi/learning-system/
https://m.me/IPAEnglish.Ecopark,https://www.ipaenglish.com/vi/testimonials/
https://m.me/IPAEnglish.Ecopark,https://www.ipaenglish.com/vi/user-account/
https://m.me/IPAEnglish.Ecopark,https://www.ipaenglish.com/vi/user-public-account/tony-evans/
https://www.ipaenglish.com/vi/learning-system/,https://www.ipaenglish.com/learning-system/
https://www.ipaenglish.com/vi/learning-system/,https://www.ipaenglish.com/vi/
https://www.ipaenglish.com/vi/learning-system/,https://www.ipaenglish.com/vi/book-a-test/
https://www.ipaenglish.com/vi/learning-system/,https://www.ipaenglish.com/vi/communicative-english-for-adults/
https://www.ipaenglish.com/vi/learning-system/,https://www.ipaenglish.com/vi/contact-us/
https://www.ipaenglish.com/vi/learning-system/,https://www.ipaenglish.com/vi/courses/
https://www.ipaenglish.com/vi/learning-system/,https://www.ipaenglish.com/vi/courses/?terms%5B%5D=22&category%5B%5D=22
https://www.ipaenglish.com/vi/learning-system/,https://www.ipaenglish.com/vi/faq/
https://www.ipaenglish.com/vi/learning-system/,https://www.ipaenglish.com/vi/founders/
https://www.ipaenglish.com/vi/learning-system/,https://www.ipaenglish.com/vi/global-english-for-teen-achievers/
https://www.ipaenglish.com/vi/learning-system/,https://www.ipaenglish.com/vi/learning-system/
https://www.ipaenglish.com/vi/learning-system/,https://www.ipaenglish.com/vi/testimonials/
https://www.ipaenglish.com/vi/learning-system/,https://www.ipaenglish.com/vi/user-account/
https://www.ipaenglish.com/vi/learning-system/,https://www.ipaenglish.com/vi/user-public-account/tony-evans/
https://www.ipaenglish.com/vi/founders/,https://www.ipaenglish.com/founders/
https://www.ipaenglish.com/vi/founders/,https://www.ipaenglish.com/vi/
https://www.ipaenglish.com/vi/founders/,https://www.ipaenglish.com/vi/book-a-test/
https://www.ipaenglish.com/vi/founders/,https://www.ipaenglish.com/vi/communicative-english-for-adults/
https://www.ipaenglish.com/vi/founders/,https://www.ipaenglish.com/vi/contact-us/
https://www.ipaenglish.com/vi/founders/,https://www.ipaenglish.com/vi/courses/
https://www.ipaenglish.com/vi/founders/,https://www.ipaenglish.com/vi/courses/?terms%5B%5D=22&category%5B%5D=22
https://www.ipaenglish.com/vi/founders/,https://www.ipaenglish.com/vi/faq/
https://www.ipaenglish.com/vi/founders/,https://www.ipaenglish.com/vi/founders/
https://www.ipaenglish.com/vi/founders/,https://www.ipaenglish.com/vi/global-english-for-teen-achievers/
https://www.ipaenglish.com/vi/founders/,https://www.ipaenglish.com/vi/learning-system/
https://www.ipaenglish.com/vi/founders/,https://www.ipaenglish.com/vi/testimonials/
https://www.ipaenglish.com/vi/founders/,https://www.ipaenglish.com/vi/user-account/
https://www.ipaenglish.com/vi/founders/,https://www.ipaenglish.com/vi/user-public-account/tony-evans/
https://www.ipaenglish.com/vi/testimonials/,https://www.ipaenglish.com/testimonials/
https://www.ipaenglish.com/vi/testimonials/,https://www.ipaenglish.com/vi/
https://www.ipaenglish.com/vi/testimonials/,https://www.ipaenglish.com/vi/book-a-test/
https://www.ipaenglish.com/vi/testimonials/,https://www.ipaenglish.com/vi/communicative-english-for-adults/
https://www.ipaenglish.com/vi/testimonials/,https://www.ipaenglish.com/vi/contact-us/
https://www.ipaenglish.com/vi/testimonials/,https://www.ipaenglish.com/vi/courses/
https://www.ipaenglish.com/vi/testimonials/,https://www.ipaenglish.com/vi/courses/?terms%5B%5D=22&category%5B%5D=22
https://www.ipaenglish.com/vi/testimonials/,https://www.ipaenglish.com/vi/faq/
https://www.ipaenglish.com/vi/testimonials/,https://www.ipaenglish.com/vi/founders/
https://www.ipaenglish.com/vi/testimonials/,https://www.ipaenglish.com/vi/global-english-for-teen-achievers/
https://www.ipaenglish.com/vi/testimonials/,https://www.ipaenglish.com/vi/learning-system/
https://www.ipaenglish.com/vi/testimonials/,https://www.ipaenglish.com/vi/testimonials/
https://www.ipaenglish.com/vi/testimonials/,https://www.ipaenglish.com/vi/user-account/
https://www.ipaenglish.com/vi/testimonials/,https://www.ipaenglish.com/vi/user-public-account/tony-evans/
https://www.ipaenglish.com/vi/faq/,https://www.ipaenglish.com/faq/
https://www.ipaenglish.com/vi/faq/,https://www.ipaenglish.com/vi/
https://www.ipaenglish.com/vi/faq/,https://www.ipaenglish.com/vi/book-a-test/
https://www.ipaenglish.com/vi/faq/,https://www.ipaenglish.com/vi/communicative-english-for-adults/
https://www.ipaenglish.com/vi/faq/,https://www.ipaenglish.com/vi/contact-us/
https://www.ipaenglish.com/vi/faq/,https://www.ipaenglish.com/vi/courses/
https://www.ipaenglish.com/vi/faq/,https://www.ipaenglish.com/vi/courses/?terms%5B%5D=22&category%5B%5D=22
https://www.ipaenglish.com/vi/faq/,https://www.ipaenglish.com/vi/faq/
https://www.ipaenglish.com/vi/faq/,https://www.ipaenglish.com/vi/founders/
https://www.ipaenglish.com/vi/faq/,https://www.ipaenglish.com/vi/global-english-for-teen-achievers/
https://www.ipaenglish.com/vi/faq/,https://www.ipaenglish.com/vi/learning-system/
https://www.ipaenglish.com/vi/faq/,https://www.ipaenglish.com/vi/testimonials/
https://www.ipaenglish.com/vi/faq/,https://www.ipaenglish.com/vi/user-account/
https://www.ipaenglish.com/vi/faq/,https://www.ipaenglish.com/vi/user-public-account/tony-evans/
https://www.ipaenglish.com/vi/global-english-for-teen-achievers/,https://www.ipaenglish.com/global-english-for-teen-achievers/
https://www.ipaenglish.com/vi/global-english-for-teen-achievers/,https://www.ipaenglish.com/vi/
https://www.ipaenglish.com/vi/global-english-for-teen-achievers/,https://www.ipaenglish.com/vi/book-a-test/
https://www.ipaenglish.com/vi/global-english-for-teen-achievers/,https://www.ipaenglish.com/vi/communicative-english-for-adults/
https://www.ipaenglish.com/vi/global-english-for-teen-achievers/,https://www.ipaenglish.com/vi/contact-us/
https://www.ipaenglish.com/vi/global-english-for-teen-achievers/,https://www.ipaenglish.com/vi/courses/
https://www.ipaenglish.com/vi/global-english-for-teen-achievers/,https://www.ipaenglish.com/vi/courses/?terms%5B%5D=22&category%5B%5D=22
https://www.ipaenglish.com/vi/global-english-for-teen-achievers/,https://www.ipaenglish.com/vi/faq/
https://www.ipaenglish.com/vi/global-english-for-teen-achievers/,https://www.ipaenglish.com/vi/founders/
https://www.ipaenglish.com/vi/global-english-for-teen-achievers/,https://www.ipaenglish.com/vi/global-english-for-teen-achievers/
https://www.ipaenglish.com/vi/global-english-for-teen-achievers/,https://www.ipaenglish.com/vi/learning-system/
https://www.ipaenglish.com/vi/global-english-for-teen-achievers/,https://www.ipaenglish.com/vi/testimonials/
https://www.ipaenglish.com/vi/global-english-for-teen-achievers/,https://www.ipaenglish.com/vi/user-account/
https://www.ipaenglish.com/vi/global-english-for-teen-achievers/,https://www.ipaenglish.com/vi/user-public-account/tony-evans/
https://www.ipaenglish.com/user-public-account/tony-evans/,https://www.ipaenglish.com/global-english-for-teen-achievers/
https://www.ipaenglish.com/user-public-account/tony-evans/,https://www.ipaenglish.com/user-public-account/tony-evans/
https://www.ipaenglish.com/user-public-account/tony-evans/,https://www.ipaenglish.com/vi/user-public-account/tony-evans/
https://www.ipaenglish.com/courses/?terms%5B%5D=22&category%5B%5D=22,https://www.ipaenglish.com/courses/?terms%5B%5D=22&category%5B%5D=22
https://www.ipaenglish.com/courses/?terms%5B%5D=22&category%5B%5D=22,https://www.ipaenglish.com/global-english-for-teen-achievers/
https://www.ipaenglish.com/courses/?terms%5B%5D=22&category%5B%5D=22,https://www.ipaenglish.com/vi/courses/?terms%5B%5D=22&category%5B%5D=22
https://www.ipaenglish.com/vi/communicative-english-for-adults/,https://www.ipaenglish.com/communicative-english-for-adults/
https://www.ipaenglish.com/vi/communicative-english-for-adults/,https://www.ipaenglish.com/vi/
https://www.ipaenglish.com/vi/communicative-english-for-adults/,https://www.ipaenglish.com/vi/book-a-test/
https://www.ipaenglish.com/vi/communicative-english-for-adults/,https://www.ipaenglish.com/vi/communicative-english-for-adults/
https://www.ipaenglish.com/vi/communicative-english-for-adults/,https://www.ipaenglish.com/vi/contact-us/
https://www.ipaenglish.com/vi/communicative-english-for-adults/,https://www.ipaenglish.com/vi/courses/
https://www.ipaenglish.com/vi/communicative-english-for-adults/,https://www.ipaenglish.com/vi/courses/?terms%5B%5D=22&category%5B%5D=22
https://www.ipaenglish.com/vi/communicative-english-for-adults/,https://www.ipaenglish.com/vi/faq/
https://www.ipaenglish.com/vi/communicative-english-for-adults/,https://www.ipaenglish.com/vi/founders/
https://www.ipaenglish.com/vi/communicative-english-for-adults/,https://www.ipaenglish.com/vi/global-english-for-teen-achievers/
https://www.ipaenglish.com/vi/communicative-english-for-adults/,https://www.ipaenglish.com/vi/learning-system/
https://www.ipaenglish.com/vi/communicative-english-for-adults/,https://www.ipaenglish.com/vi/testimonials/
https://www.ipaenglish.com/vi/communicative-english-for-adults/,https://www.ipaenglish.com/vi/user-account/
https://www.ipaenglish.com/vi/communicative-english-for-adults/,https://www.ipaenglish.com/vi/user-public-account/tony-evans/
https://www.ipaenglish.com/vi/book-a-test/,https://www.ipaenglish.com/book-a-test/
https://www.ipaenglish.com/vi/book-a-test/,https://www.ipaenglish.com/vi/
https://www.ipaenglish.com/vi/book-a-test/,https://www.ipaenglish.com/vi/book-a-test/
https://www.ipaenglish.com/vi/book-a-test/,https://www.ipaenglish.com/vi/communicative-english-for-adults/
https://www.ipaenglish.com/vi/book-a-test/,https://www.ipaenglish.com/vi/contact-us/
https://www.ipaenglish.com/vi/book-a-test/,https://www.ipaenglish.com/vi/courses/
https://www.ipaenglish.com/vi/book-a-test/,https://www.ipaenglish.com/vi/courses/?terms%5B%5D=22&category%5B%5D=22
https://www.ipaenglish.com/vi/book-a-test/,https://www.ipaenglish.com/vi/faq/
https://www.ipaenglish.com/vi/book-a-test/,https://www.ipaenglish.com/vi/founders/
https://www.ipaenglish.com/vi/book-a-test/,https://www.ipaenglish.com/vi/global-english-for-teen-achievers/
https://www.ipaenglish.com/vi/book-a-test/,https://www.ipaenglish.com/vi/learning-system/
https://www.ipaenglish.com/vi/book-a-test/,https://www.ipaenglish.com/vi/testimonials/
https://www.ipaenglish.com/vi/book-a-test/,https://www.ipaenglish.com/vi/user-account/
https://www.ipaenglish.com/vi/book-a-test/,https://www.ipaenglish.com/vi/user-public-account/tony-evans/
https://www.ipaenglish.com/vi/contact-us/,https://www.ipaenglish.com/contact-us/
https://www.ipaenglish.com/vi/contact-us/,https://www.ipaenglish.com/vi/
https://www.ipaenglish.com/vi/contact-us/,https://www.ipaenglish.com/vi/book-a-test/
https://www.ipaenglish.com/vi/contact-us/,https://www.ipaenglish.com/vi/communicative-english-for-adults/
https://www.ipaenglish.com/vi/contact-us/,https://www.ipaenglish.com/vi/contact-us/
https://www.ipaenglish.com/vi/contact-us/,https://www.ipaenglish.com/vi/courses/
https://www.ipaenglish.com/vi/contact-us/,https://www.ipaenglish.com/vi/courses/?terms%5B%5D=22&category%5B%5D=22
https://www.ipaenglish.com/vi/contact-us/,https://www.ipaenglish.com/vi/faq/
https://www.ipaenglish.com/vi/contact-us/,https://www.ipaenglish.com/vi/founders/
https://www.ipaenglish.com/vi/contact-us/,https://www.ipaenglish.com/vi/global-english-for-teen-achievers/
https://www.ipaenglish.com/vi/contact-us/,https://www.ipaenglish.com/vi/learning-system/
https://www.ipaenglish.com/vi/contact-us/,https://www.ipaenglish.com/vi/testimonials/
https://www.ipaenglish.com/vi/contact-us/,https://www.ipaenglish.com/vi/user-account/
https://www.ipaenglish.com/vi/contact-us/,https://www.ipaenglish.com/vi/user-public-account/tony-evans/
https://www.ipaenglish.com/vi/user-account/,https://www.ipaenglish.com/user-account/
https://www.ipaenglish.com/vi/user-account/,https://www.ipaenglish.com/vi/
https://www.ipaenglish.com/vi/user-account/,https://www.ipaenglish.com/vi/book-a-test/
https://www.ipaenglish.com/vi/user-account/,https://www.ipaenglish.com/vi/communicative-english-for-adults/
https://www.ipaenglish.com/vi/user-account/,https://www.ipaenglish.com/vi/contact-us/
https://www.ipaenglish.com/vi/user-account/,https://www.ipaenglish.com/vi/courses/
https://www.ipaenglish.com/vi/user-account/,https://www.ipaenglish.com/vi/courses/?terms%5B%5D=22&category%5B%5D=22
https://www.ipaenglish.com/vi/user-account/,https://www.ipaenglish.com/vi/faq/
https://www.ipaenglish.com/vi/user-account/,https://www.ipaenglish.com/vi/founders/
https://www.ipaenglish.com/vi/user-account/,https://www.ipaenglish.com/vi/global-english-for-teen-achievers/
https://www.ipaenglish.com/vi/user-account/,https://www.ipaenglish.com/vi/learning-system/
https://www.ipaenglish.com/vi/user-account/,https://www.ipaenglish.com/vi/testimonials/
https://www.ipaenglish.com/vi/user-account/,https://www.ipaenglish.com/vi/user-account/
https://www.ipaenglish.com/vi/user-public-account/tony-evans/,https://www.ipaenglish.com/user-public-account/tony-evans/
https://www.ipaenglish.com/vi/user-public-account/tony-evans/,https://www.ipaenglish.com/vi/global-english-for-teen-achievers/
https://www.ipaenglish.com/vi/user-public-account/tony-evans/,https://www.ipaenglish.com/vi/user-public-account/tony-evans/
https://www.ipaenglish.com/vi/courses/?terms%5B%5D=22&category%5B%5D=22,https://www.ipaenglish.com/courses/?terms%5B%5D=22&category%5B%5D=22
https://www.ipaenglish.com/vi/courses/?terms%5B%5D=22&category%5B%5D=22,https://www.ipaenglish.com/vi/courses/?terms%5B%5D=22&category%5B%5D=22
https://www.ipaenglish.com/vi/courses/?terms%5B%5D=22&category%5B%5D=22,https://www.ipaenglish.com/vi/global-english-for-teen-achievers/
https://www.ipaenglish.com/wp-content/uploads/2025/08/Teacher-Tony.pdf,https://www.ipaenglish.com/user-public-account/tony-evans/
https://www.ipaenglish.com/wp-content/uploads/2025/08/Teacher-Tony.pdf,https://www.ipaenglish.com/vi/user-public-account/tony-evans/
https://www.ipaenglish.com/courses/,https://www.ipaenglish.com/courses/
https://www.ipaenglish.com/courses/,https://www.ipaenglish.com/courses/?terms%5B%5D=22&category%5B%5D=22
https://www.ipaenglish.com/courses/,https://www.ipaenglish.com/vi/courses/
https://www.ipaenglish.com/vi/courses/,https://www.ipaenglish.com/courses/
https://www.ipaenglish.com/vi/courses/,https://www.ipaenglish.com/vi/courses/
https://www.ipaenglish.com/vi/courses/,https://www.ipaenglish.com/vi/courses/?terms%5B%5D=22&category%5B%5D=22
