url,status,meta_description,description_length,duplicate_description
https://www.ipaenglish.com/,200,,0,False
https://www.ipaenglish.com/learning-system/,200,,0,False
https://www.ipaenglish.com/founders/,200,,0,False
https://www.ipaenglish.com/testimonials/,200,,0,False
https://www.ipaenglish.com/faq/,200,,0,False
https://www.ipaenglish.com/global-english-for-teen-achievers/,200,,0,False
https://www.ipaenglish.com/communicative-english-for-adults/,200,,0,False
https://www.ipaenglish.com/book-a-test/,200,,0,False
https://www.ipaenglish.com/contact-us/,200,,0,False
https://www.ipaenglish.com/vi/,200,,0,False
https://www.ipaenglish.com/user-account/,200,,0,False
https://www.ipaenglish.com/vi/learning-system/,200,,0,False
https://www.ipaenglish.com/vi/founders/,200,,0,False
https://www.ipaenglish.com/vi/testimonials/,200,,0,False
https://www.ipaenglish.com/vi/faq/,200,,0,False
https://www.ipaenglish.com/vi/global-english-for-teen-achievers/,200,,0,False
https://www.ipaenglish.com/user-public-account/tony-evans/,200,,0,False
https://www.ipaenglish.com/courses/?terms%5B%5D=22&category%5B%5D=22,200,,0,False
https://www.ipaenglish.com/vi/communicative-english-for-adults/,200,,0,False
https://www.ipaenglish.com/vi/book-a-test/,200,,0,False
https://www.ipaenglish.com/vi/contact-us/,200,,0,False
https://www.ipaenglish.com/vi/user-account/,200,,0,False
https://www.ipaenglish.com/vi/user-public-account/tony-evans/,200,,0,False
https://www.ipaenglish.com/vi/courses/?terms%5B%5D=22&category%5B%5D=22,200,,0,False
https://www.ipaenglish.com/courses/,200,,0,False
https://www.ipaenglish.com/vi/courses/,200,,0,False
