url,status,title,title_length,duplicate_title
https://www.ipaenglish.com/,200,IPA English – Study English in Hưng Yên,39,True
https://www.ipaenglish.com/learning-system/,200,Learning System – IPA English,29,True
https://www.ipaenglish.com/founders/,200,Founders – IPA English,22,True
https://www.ipaenglish.com/testimonials/,200,Testimonials – IPA English,26,True
https://www.ipaenglish.com/faq/,200,FAQ – IPA English,17,True
https://www.ipaenglish.com/global-english-for-teen-achievers/,200,Global English for Teen Achievers – IPA English,47,True
https://www.ipaenglish.com/communicative-english-for-adults/,200,Communicative English for Adults – IPA English,46,True
https://www.ipaenglish.com/book-a-test/,200,Book a Test – IPA English,25,True
https://www.ipaenglish.com/contact-us/,200,Contact Us – IPA English,24,True
https://www.ipaenglish.com/vi/,200,IPA English – Study English in Hưng Yên,39,True
https://www.ipaenglish.com/user-account/,200,User Account – IPA English,26,True
https://www.ipaenglish.com/vi/learning-system/,200,Learning System – IPA English,29,True
https://www.ipaenglish.com/vi/founders/,200,Founders – IPA English,22,True
https://www.ipaenglish.com/vi/testimonials/,200,Testimonials – IPA English,26,True
https://www.ipaenglish.com/vi/faq/,200,FAQ – IPA English,17,True
https://www.ipaenglish.com/vi/global-english-for-teen-achievers/,200,Global English for Teen Achievers – IPA English,47,True
https://www.ipaenglish.com/user-public-account/tony-evans/,200,Tony Evans – IPA English,24,True
https://www.ipaenglish.com/courses/?terms%5B%5D=22&category%5B%5D=22,200,Courses – IPA English,21,True
https://www.ipaenglish.com/vi/communicative-english-for-adults/,200,Communicative English for Adults – IPA English,46,True
https://www.ipaenglish.com/vi/book-a-test/,200,Book a Test – IPA English,25,True
https://www.ipaenglish.com/vi/contact-us/,200,Contact Us – IPA English,24,True
https://www.ipaenglish.com/vi/user-account/,200,User Account – IPA English,26,True
https://www.ipaenglish.com/vi/user-public-account/tony-evans/,200,Tony Evans – IPA English,24,True
https://www.ipaenglish.com/vi/courses/?terms%5B%5D=22&category%5B%5D=22,200,Courses – IPA English,21,True
https://www.ipaenglish.com/courses/,200,Courses – IPA English,21,True
https://www.ipaenglish.com/vi/courses/,200,Courses – IPA English,21,True
