url,final_url,status,content_type,title,title_length,meta_description,description_length,duplicate_title,duplicate_description,h1_count,h1,canonical,robots,noindex,redirect_chain,bytes,error
https://www.ipaenglish.com/,https://www.ipaenglish.com/,200,text/html; charset=UTF-8,IPA English – Study English in Hưng Yên,39,,0,True,False,1,IPA English Academy,https://www.ipaenglish.com/,max-image-preview:large,False,,156878,
https://www.ipaenglish.com/learning-system/,https://www.ipaenglish.com/learning-system/,200,text/html; charset=UTF-8,Learning System – IPA English,29,,0,True,False,0,,https://www.ipaenglish.com/learning-system/,max-image-preview:large,False,,135779,
https://www.ipaenglish.com/founders/,https://www.ipaenglish.com/founders/,200,text/html; charset=UTF-8,Founders – IPA English,22,,0,True,False,2,Kristin Thảo Lê-Evans | Tony Evans,https://www.ipaenglish.com/founders/,max-image-preview:large,False,,139773,
https://www.ipaenglish.com/testimonials/,https://www.ipaenglish.com/testimonials/,200,text/html; charset=UTF-8,Testimonials – IPA English,26,,0,True,False,0,,https://www.ipaenglish.com/testimonials/,max-image-preview:large,False,,129761,
https://www.ipaenglish.com/faq/,https://www.ipaenglish.com/faq/,200,text/html; charset=UTF-8,FAQ – IPA English,17,,0,True,False,0,,https://www.ipaenglish.com/faq/,max-image-preview:large,False,,132791,
https://www.ipaenglish.com/global-english-for-teen-achievers/,https://www.ipaenglish.com/global-english-for-teen-achievers/,200,text/html; charset=UTF-8,Global English for Teen Achievers – IPA English,47,,0,True,False,0,,https://www.ipaenglish.com/global-english-for-teen-achievers/,max-image-preview:large,False,,137753,
https://www.ipaenglish.com/communicative-english-for-adults/,https://www.ipaenglish.com/communicative-english-for-adults/,200,text/html; charset=UTF-8,Communicative English for Adults – IPA English,46,,0,True,False,0,,https://www.ipaenglish.com/communicative-english-for-adults/,max-image-preview:large,False,,130752,
https://www.ipaenglish.com/book-a-test/,https://www.ipaenglish.com/book-a-test/,200,text/html; charset=UTF-8,Book a Test – IPA English,25,,0,True,False,0,,https://www.ipaenglish.com/book-a-test/,max-image-preview:large,False,,132508,
https://www.ipaenglish.com/contact-us/,https://www.ipaenglish.com/contact-us/,200,text/html; charset=UTF-8,Contact Us – IPA English,24,,0,True,False,0,,https://www.ipaenglish.com/contact-us/,max-image-preview:large,False,,136371,
https://www.ipaenglish.com/vi/,https://www.ipaenglish.com/vi/,200,text/html; charset=UTF-8,IPA English – Study English in Hưng Yên,39,,0,True,False,1,Học Viện Anh Ngữ IPA,https://www.ipaenglish.com/vi/,max-image-preview:large,False,,170150,
https://www.ipaenglish.com/user-account/,https://www.ipaenglish.com/user-account/,200,text/html; charset=UTF-8,User Account – IPA English,26,,0,True,False,0,,https://www.ipaenglish.com/user-account/,max-image-preview:large,False,,120484,
https://www.ipaenglish.com/vi/learning-system/,https://www.ipaenglish.com/vi/learning-system/,200,text/html; charset=UTF-8,Learning System – IPA English,29,,0,True,False,0,,https://www.ipaenglish.com/vi/learning-system/,max-image-preview:large,False,,149421,
https://www.ipaenglish.com/vi/founders/,https://www.ipaenglish.com/vi/founders/,200,text/html; charset=UTF-8,Founders – IPA English,22,,0,True,False,2,Kristin Thảo Lê-Evans | Tony Evans,https://www.ipaenglish.com/vi/founders/,max-image-preview:large,False,,152801,
https://www.ipaenglish.com/vi/testimonials/,https://www.ipaenglish.com/vi/testimonials/,200,text/html; charset=UTF-8,Testimonials – IPA English,26,,0,True,False,0,,https://www.ipaenglish.com/vi/testimonials/,max-image-preview:large,False,,141870,
https://www.ipaenglish.com/vi/faq/,https://www.ipaenglish.com/vi/faq/,200,text/html; charset=UTF-8,FAQ – IPA English,17,,0,True,False,0,,https://www.ipaenglish.com/vi/faq/,max-image-preview:large,False,,147887,
https://www.ipaenglish.com/vi/global-english-for-teen-achievers/,https://www.ipaenglish.com/vi/global-english-for-teen-achievers/,200,text/html; charset=UTF-8,Global English for Teen Achievers – IPA English,47,,0,True,False,0,,https://www.ipaenglish.com/vi/global-english-for-teen-achievers/,max-image-preview:large,False,,148550,
https://www.ipaenglish.com/user-public-account/tony-evans/,https://www.ipaenglish.com/user-public-account/tony-evans/,200,text/html; charset=UTF-8,Tony Evans – IPA English,24,,0,True,False,0,,https://www.ipaenglish.com/user-public-account/tony-evans/,max-image-preview:large,False,,124361,
https://www.ipaenglish.com/courses/?terms%5B%5D=22&category%5B%5D=22,https://www.ipaenglish.com/courses/?terms%5B%5D=22&category%5B%5D=22,200,text/html; charset=UTF-8,Courses – IPA English,21,,0,True,False,1,Courses,https://www.ipaenglish.com/courses/,max-image-preview:large,False,,133160,
https://www.ipaenglish.com/vi/communicative-english-for-adults/,https://www.ipaenglish.com/vi/communicative-english-for-adults/,200,text/html; charset=UTF-8,Communicative English for Adults – IPA English,46,,0,True,False,0,,https://www.ipaenglish.com/vi/communicative-english-for-adults/,max-image-preview:large,False,,142669,
https://www.ipaenglish.com/vi/book-a-test/,https://www.ipaenglish.com/vi/book-a-test/,200,text/html; charset=UTF-8,Book a Test – IPA English,25,,0,True,False,0,,https://www.ipaenglish.com/vi/book-a-test/,max-image-preview:large,False,,144757,
https://www.ipaenglish.com/vi/contact-us/,https://www.ipaenglish.com/vi/contact-us/,200,text/html; charset=UTF-8,Contact Us – IPA English,24,,0,True,False,0,,https://www.ipaenglish.com/vi/contact-us/,max-image-preview:large,False,,148293,
https://www.ipaenglish.com/vi/user-account/,https://www.ipaenglish.com/vi/user-account/,200,text/html; charset=UTF-8,User Account – IPA English,26,,0,True,False,0,,https://www.ipaenglish.com/vi/user-account/,max-image-preview:large,False,,130074,
https://www.ipaenglish.com/vi/user-public-account/tony-evans/,https://www.ipaenglish.com/vi/user-public-account/tony-evans/,200,text/html; charset=UTF-8,Tony Evans – IPA English,24,,0,True,False,0,,https://www.ipaenglish.com/vi/user-public-account/tony-evans/,max-image-preview:large,False,,132379,
https://www.ipaenglish.com/vi/courses/?terms%5B%5D=22&category%5B%5D=22,https://www.ipaenglish.com/vi/courses/?terms%5B%5D=22&category%5B%5D=22,200,text/html; charset=UTF-8,Courses – IPA English,21,,0,True,False,1,Courses,https://www.ipaenglish.com/vi/courses/,max-image-preview:large,False,,143224,
https://www.ipaenglish.com/wp-content/uploads/2025/08/Teacher-Tony.pdf,https://www.ipaenglish.com/wp-content/uploads/2025/08/Teacher-Tony.pdf,200,application/pdf,,0,,0,,,0,,,,False,,305257,
https://www.ipaenglish.com/courses/,https://www.ipaenglish.com/courses/,200,text/html; charset=UTF-8,Courses – IPA English,21,,0,True,False,1,Courses,https://www.ipaenglish.com/courses/,max-image-preview:large,False,,132776,
https://www.ipaenglish.com/vi/courses/,https://www.ipaenglish.com/vi/courses/,200,text/html; charset=UTF-8,Courses – IPA English,21,,0,True,False,1,Courses,https://www.ipaenglish.com/vi/courses/,max-image-preview:large,False,,142840,
