"Type","Source","Destination","Size (Bytes)","Alt Text","Anchor","Status Code","Status","Follow","Target","Rel","Path Type","Link Path","Link Position","Link Origin","Real Dimensions","Dimensions in Attributes","Display Dimensions","Incorrectly Sized Images Potential Savings (Bytes)"
"Image","https://www.ipaenglish.com/","https://www.ipaenglish.com/wp-content/plugins/translatepress-multilingual/assets/images/flags/vi.png","454","vi","","200","OK","true","","","Absolute","//body/div[@id='wrapper']/div[@id='header']/div/div/div/div[2]/div/ul/li[@id='menu-item-12694']/ul/li/a/span/img","Header","HTML","","18x12","","0"
"Image","https://www.ipaenglish.com/","https://www.ipaenglish.com/wp-content/plugins/translatepress-multilingual/assets/images/flags/vi.png","454","vi","","200","OK","true","","","Absolute","//body/div[@id='wrapper']/div[@id='header']/div/div/div/div[3]/div[2]/div[2]/ul/li[7]/ul/li/a/span/img","Header","HTML","","18x12","","0"
"Image","https://www.ipaenglish.com/contact-us/","https://www.ipaenglish.com/wp-content/plugins/translatepress-multilingual/assets/images/flags/vi.png","454","vi","","200","OK","true","","","Absolute","//body/div[@id='wrapper']/div[@id='header']/div/div/div/div[2]/div/ul/li[@id='menu-item-12694']/ul/li/a/span/img","Header","HTML","","18x12","","0"
"Image","https://www.ipaenglish.com/contact-us/","https://www.ipaenglish.com/wp-content/plugins/translatepress-multilingual/assets/images/flags/vi.png","454","vi","","200","OK","true","","","Absolute","//body/div[@id='wrapper']/div[@id='header']/div/div/div/div[3]/div[2]/div[2]/ul/li[7]/ul/li/a/span/img","Header","HTML","","18x12","","0"
"Image","https://www.ipaenglish.com/communicative-english-for-adults/","https://www.ipaenglish.com/wp-content/plugins/translatepress-multilingual/assets/images/flags/vi.png","454","vi","","200","OK","true","","","Absolute","//body/div[@id='wrapper']/div[@id='header']/div/div/div/div[2]/div/ul/li[@id='menu-item-12694']/ul/li/a/span/img","Header","HTML","","18x12","","0"
"Image","https://www.ipaenglish.com/communicative-english-for-adults/","https://www.ipaenglish.com/wp-content/plugins/translatepress-multilingual/assets/images/flags/vi.png","454","vi","","200","OK","true","","","Absolute","//body/div[@id='wrapper']/div[@id='header']/div/div/div/div[3]/div[2]/div[2]/ul/li[7]/ul/li/a/span/img","Header","HTML","","18x12","","0"
"Image","https://www.ipaenglish.com/faq/","https://www.ipaenglish.com/wp-content/plugins/translatepress-multilingual/assets/images/flags/vi.png","454","vi","","200","OK","true","","","Absolute","//body/div[@id='wrapper']/div[@id='header']/div/div/div/div[2]/div/ul/li[@id='menu-item-12694']/ul/li/a/span/img","Header","HTML","","18x12","","0"
"Image","https://www.ipaenglish.com/faq/","https://www.ipaenglish.com/wp-content/plugins/translatepress-multilingual/assets/images/flags/vi.png","454","vi","","200","OK","true","","","Absolute","//body/div[@id='wrapper']/div[@id='header']/div/div/div/div[3]/div[2]/div[2]/ul/li[7]/ul/li/a/span/img","Header","HTML","","18x12","","0"
"Image","https://www.ipaenglish.com/book-a-test/","https://www.ipaenglish.com/wp-content/plugins/translatepress-multilingual/assets/images/flags/vi.png","454","vi","","200","OK","true","","","Absolute","//body/div[@id='wrapper']/div[@id='header']/div/div/div/div[2]/div/ul/li[@id='menu-item-12694']/ul/li/a/span/img","Header","HTML","","18x12","","0"
"Image","https://www.ipaenglish.com/book-a-test/","https://www.ipaenglish.com/wp-content/plugins/translatepress-multilingual/assets/images/flags/vi.png","454","vi","","200","OK","true","","","Absolute","//body/div[@id='wrapper']/div[@id='header']/div/div/div/div[3]/div[2]/div[2]/ul/li[7]/ul/li/a/span/img","Header","HTML","","18x12","","0"
"Image","https://www.ipaenglish.com/vi/","https://www.ipaenglish.com/wp-content/plugins/translatepress-multilingual/assets/images/flags/vi.png","454","vi","","200","OK","true","","","Absolute","//body/div[@id='wrapper']/div[@id='header']/div/div/div/div[2]/div/ul/li[@id='menu-item-12694']/a/span/img","Header","HTML","","18x12","","0"
"Image","https://www.ipaenglish.com/vi/","https://www.ipaenglish.com/wp-content/plugins/translatepress-multilingual/assets/images/flags/vi.png","454","vi","","200","OK","true","","","Absolute","//body/div[@id='wrapper']/div[@id='header']/div/div/div/div[3]/div[2]/div[2]/ul/li[7]/a/span/img","Header","HTML","","18x12","","0"
"Image","https://www.ipaenglish.com/learning-system/","https://www.ipaenglish.com/wp-content/plugins/translatepress-multilingual/assets/images/flags/vi.png","454","vi","","200","OK","true","","","Absolute","//body/div[@id='wrapper']/div[@id='header']/div/div/div/div[2]/div/ul/li[@id='menu-item-12694']/ul/li/a/span/img","Header","HTML","","18x12","","0"
"Image","https://www.ipaenglish.com/learning-system/","https://www.ipaenglish.com/wp-content/plugins/translatepress-multilingual/assets/images/flags/vi.png","454","vi","","200","OK","true","","","Absolute","//body/div[@id='wrapper']/div[@id='header']/div/div/div/div[3]/div[2]/div[2]/ul/li[7]/ul/li/a/span/img","Header","HTML","","18x12","","0"
"Image","https://www.ipaenglish.com/global-english-for-teen-achievers/","https://www.ipaenglish.com/wp-content/plugins/translatepress-multilingual/assets/images/flags/vi.png","454","vi","","200","OK","true","","","Absolute","//body/div[@id='wrapper']/div[@id='header']/div/div/div/div[2]/div/ul/li[@id='menu-item-12694']/ul/li/a/span/img","Header","HTML","","18x12","","0"
"Image","https://www.ipaenglish.com/global-english-for-teen-achievers/","https://www.ipaenglish.com/wp-content/plugins/translatepress-multilingual/assets/images/flags/vi.png","454","vi","","200","OK","true","","","Absolute","//body/div[@id='wrapper']/div[@id='header']/div/div/div/div[3]/div[2]/div[2]/ul/li[7]/ul/li/a/span/img","Header","HTML","","18x12","","0"
"Image","https://www.ipaenglish.com/founders/","https://www.ipaenglish.com/wp-content/plugins/translatepress-multilingual/assets/images/flags/vi.png","454","vi","","200","OK","true","","","Absolute","//body/div[@id='wrapper']/div[@id='header']/div/div/div/div[2]/div/ul/li[@id='menu-item-12694']/ul/li/a/span/img","Header","HTML","","18x12","","0"
"Image","https://www.ipaenglish.com/founders/","https://www.ipaenglish.com/wp-content/plugins/translatepress-multilingual/assets/images/flags/vi.png","454","vi","","200","OK","true","","","Absolute","//body/div[@id='wrapper']/div[@id='header']/div/div/div/div[3]/div[2]/div[2]/ul/li[7]/ul/li/a/span/img","Header","HTML","","18x12","","0"
"Image","https://www.ipaenglish.com/user-account/","https://www.ipaenglish.com/wp-content/plugins/translatepress-multilingual/assets/images/flags/vi.png","454","vi","","200","OK","true","","","Absolute","//body/div[@id='wrapper']/div[@id='header']/div/div/div/div[2]/div/ul/li[@id='menu-item-12694']/ul/li/a/span/img","Header","HTML","","18x12","","0"
"Image","https://www.ipaenglish.com/user-account/","https://www.ipaenglish.com/wp-content/plugins/translatepress-multilingual/assets/images/flags/vi.png","454","vi","","200","OK","true","","","Absolute","//body/div[@id='wrapper']/div[@id='header']/div/div/div/div[3]/div[2]/div[2]/ul/li[7]/ul/li/a/span/img","Header","HTML","","18x12","","0"
"Image","https://www.ipaenglish.com/testimonials/","https://www.ipaenglish.com/wp-content/plugins/translatepress-multilingual/assets/images/flags/vi.png","454","vi","","200","OK","true","","","Absolute","//body/div[@id='wrapper']/div[@id='header']/div/div/div/div[2]/div/ul/li[@id='menu-item-12694']/ul/li/a/span/img","Header","HTML","","18x12","","0"
"Image","https://www.ipaenglish.com/testimonials/","https://www.ipaenglish.com/wp-content/plugins/translatepress-multilingual/assets/images/flags/vi.png","454","vi","","200","OK","true","","","Absolute","//body/div[@id='wrapper']/div[@id='header']/div/div/div/div[3]/div[2]/div[2]/ul/li[7]/ul/li/a/span/img","Header","HTML","","18x12","","0"
"Image","https://www.ipaenglish.com/vi/book-a-test/","https://www.ipaenglish.com/wp-content/plugins/translatepress-multilingual/assets/images/flags/vi.png","454","vi","","200","OK","true","","","Absolute","//body/div[@id='wrapper']/div[@id='header']/div/div/div/div[2]/div/ul/li[@id='menu-item-12694']/a/span/img","Header","HTML","","18x12","","0"
"Image","https://www.ipaenglish.com/vi/book-a-test/","https://www.ipaenglish.com/wp-content/plugins/translatepress-multilingual/assets/images/flags/vi.png","454","vi","","200","OK","true","","","Absolute","//body/div[@id='wrapper']/div[@id='header']/div/div/div/div[3]/div[2]/div[2]/ul/li[7]/a/span/img","Header","HTML","","18x12","","0"
"Image","https://www.ipaenglish.com/user-public-account/tony-evans/","https://www.ipaenglish.com/wp-content/plugins/translatepress-multilingual/assets/images/flags/vi.png","454","vi","","200","OK","true","","","Absolute","//body/div[@id='wrapper']/div[@id='header']/div/div/div/div[2]/div/ul/li[@id='menu-item-12694']/ul/li/a/span/img","Header","HTML","","18x12","","0"
"Image","https://www.ipaenglish.com/user-public-account/tony-evans/","https://www.ipaenglish.com/wp-content/plugins/translatepress-multilingual/assets/images/flags/vi.png","454","vi","","200","OK","true","","","Absolute","//body/div[@id='wrapper']/div[@id='header']/div/div/div/div[3]/div[2]/div[2]/ul/li[7]/ul/li/a/span/img","Header","HTML","","18x12","","0"
"Image","https://www.ipaenglish.com/vi/founders/","https://www.ipaenglish.com/wp-content/plugins/translatepress-multilingual/assets/images/flags/vi.png","454","vi","","200","OK","true","","","Absolute","//body/div[@id='wrapper']/div[@id='header']/div/div/div/div[2]/div/ul/li[@id='menu-item-12694']/a/span/img","Header","HTML","","18x12","","0"
"Image","https://www.ipaenglish.com/vi/founders/","https://www.ipaenglish.com/wp-content/plugins/translatepress-multilingual/assets/images/flags/vi.png","454","vi","","200","OK","true","","","Absolute","//body/div[@id='wrapper']/div[@id='header']/div/div/div/div[3]/div[2]/div[2]/ul/li[7]/a/span/img","Header","HTML","","18x12","","0"
"Image","https://www.ipaenglish.com/courses/?terms%5B%5D=22&category%5B%5D=22","https://www.ipaenglish.com/wp-content/plugins/translatepress-multilingual/assets/images/flags/vi.png","454","vi","","200","OK","true","","","Absolute","//body/div[@id='wrapper']/div[@id='header']/div/div/div/div[2]/div/ul/li[@id='menu-item-12694']/ul/li/a/span/img","Header","HTML","","18x12","","0"
"Image","https://www.ipaenglish.com/courses/?terms%5B%5D=22&category%5B%5D=22","https://www.ipaenglish.com/wp-content/plugins/translatepress-multilingual/assets/images/flags/vi.png","454","vi","","200","OK","true","","","Absolute","//body/div[@id='wrapper']/div[@id='header']/div/div/div/div[3]/div[2]/div[2]/ul/li[7]/ul/li/a/span/img","Header","HTML","","18x12","","0"
"Image","https://www.ipaenglish.com/vi/learning-system/","https://www.ipaenglish.com/wp-content/plugins/translatepress-multilingual/assets/images/flags/vi.png","454","vi","","200","OK","true","","","Absolute","//body/div[@id='wrapper']/div[@id='header']/div/div/div/div[2]/div/ul/li[@id='menu-item-12694']/a/span/img","Header","HTML","","18x12","","0"
"Image","https://www.ipaenglish.com/vi/learning-system/","https://www.ipaenglish.com/wp-content/plugins/translatepress-multilingual/assets/images/flags/vi.png","454","vi","","200","OK","true","","","Absolute","//body/div[@id='wrapper']/div[@id='header']/div/div/div/div[3]/div[2]/div[2]/ul/li[7]/a/span/img","Header","HTML","","18x12","","0"
"Image","https://www.ipaenglish.com/vi/testimonials/","https://www.ipaenglish.com/wp-content/plugins/translatepress-multilingual/assets/images/flags/vi.png","454","vi","","200","OK","true","","","Absolute","//body/div[@id='wrapper']/div[@id='header']/div/div/div/div[2]/div/ul/li[@id='menu-item-12694']/a/span/img","Header","HTML","","18x12","","0"
"Image","https://www.ipaenglish.com/vi/testimonials/","https://www.ipaenglish.com/wp-content/plugins/translatepress-multilingual/assets/images/flags/vi.png","454","vi","","200","OK","true","","","Absolute","//body/div[@id='wrapper']/div[@id='header']/div/div/div/div[3]/div[2]/div[2]/ul/li[7]/a/span/img","Header","HTML","","18x12","","0"
"Image","https://www.ipaenglish.com/vi/global-english-for-teen-achievers/","https://www.ipaenglish.com/wp-content/plugins/translatepress-multilingual/assets/images/flags/vi.png","454","vi","","200","OK","true","","","Absolute","//body/div[@id='wrapper']/div[@id='header']/div/div/div/div[2]/div/ul/li[@id='menu-item-12694']/a/span/img","Header","HTML","","18x12","","0"
"Image","https://www.ipaenglish.com/vi/global-english-for-teen-achievers/","https://www.ipaenglish.com/wp-content/plugins/translatepress-multilingual/assets/images/flags/vi.png","454","vi","","200","OK","true","","","Absolute","//body/div[@id='wrapper']/div[@id='header']/div/div/div/div[3]/div[2]/div[2]/ul/li[7]/a/span/img","Header","HTML","","18x12","","0"
"Image","https://www.ipaenglish.com/vi/communicative-english-for-adults/","https://www.ipaenglish.com/wp-content/plugins/translatepress-multilingual/assets/images/flags/vi.png","454","vi","","200","OK","true","","","Absolute","//body/div[@id='wrapper']/div[@id='header']/div/div/div/div[2]/div/ul/li[@id='menu-item-12694']/a/span/img","Header","HTML","","18x12","","0"
"Image","https://www.ipaenglish.com/vi/communicative-english-for-adults/","https://www.ipaenglish.com/wp-content/plugins/translatepress-multilingual/assets/images/flags/vi.png","454","vi","","200","OK","true","","","Absolute","//body/div[@id='wrapper']/div[@id='header']/div/div/div/div[3]/div[2]/div[2]/ul/li[7]/a/span/img","Header","HTML","","18x12","","0"
"Image","https://www.ipaenglish.com/vi/user-account/","https://www.ipaenglish.com/wp-content/plugins/translatepress-multilingual/assets/images/flags/vi.png","454","vi","","200","OK","true","","","Absolute","//body/div[@id='wrapper']/div[@id='header']/div/div/div/div[2]/div/ul/li[@id='menu-item-12694']/a/span/img","Header","HTML","","18x12","","0"
"Image","https://www.ipaenglish.com/vi/user-account/","https://www.ipaenglish.com/wp-content/plugins/translatepress-multilingual/assets/images/flags/vi.png","454","vi","","200","OK","true","","","Absolute","//body/div[@id='wrapper']/div[@id='header']/div/div/div/div[3]/div[2]/div[2]/ul/li[7]/a/span/img","Header","HTML","","18x12","","0"
"Image","https://www.ipaenglish.com/vi/faq/","https://www.ipaenglish.com/wp-content/plugins/translatepress-multilingual/assets/images/flags/vi.png","454","vi","","200","OK","true","","","Absolute","//body/div[@id='wrapper']/div[@id='header']/div/div/div/div[2]/div/ul/li[@id='menu-item-12694']/a/span/img","Header","HTML","","18x12","","0"
"Image","https://www.ipaenglish.com/vi/faq/","https://www.ipaenglish.com/wp-content/plugins/translatepress-multilingual/assets/images/flags/vi.png","454","vi","","200","OK","true","","","Absolute","//body/div[@id='wrapper']/div[@id='header']/div/div/div/div[3]/div[2]/div[2]/ul/li[7]/a/span/img","Header","HTML","","18x12","","0"
"Image","https://www.ipaenglish.com/vi/contact-us/","https://www.ipaenglish.com/wp-content/plugins/translatepress-multilingual/assets/images/flags/vi.png","454","vi","","200","OK","true","","","Absolute","//body/div[@id='wrapper']/div[@id='header']/div/div/div/div[2]/div/ul/li[@id='menu-item-12694']/a/span/img","Header","HTML","","18x12","","0"
"Image","https://www.ipaenglish.com/vi/contact-us/","https://www.ipaenglish.com/wp-content/plugins/translatepress-multilingual/assets/images/flags/vi.png","454","vi","","200","OK","true","","","Absolute","//body/div[@id='wrapper']/div[@id='header']/div/div/div/div[3]/div[2]/div[2]/ul/li[7]/a/span/img","Header","HTML","","18x12","","0"
"Image","https://www.ipaenglish.com/courses/","https://www.ipaenglish.com/wp-content/plugins/translatepress-multilingual/assets/images/flags/vi.png","454","vi","","200","OK","true","","","Absolute","//body/div[@id='wrapper']/div[@id='header']/div/div/div/div[2]/div/ul/li[@id='menu-item-12694']/ul/li/a/span/img","Header","HTML","","18x12","","0"
"Image","https://www.ipaenglish.com/courses/","https://www.ipaenglish.com/wp-content/plugins/translatepress-multilingual/assets/images/flags/vi.png","454","vi","","200","OK","true","","","Absolute","//body/div[@id='wrapper']/div[@id='header']/div/div/div/div[3]/div[2]/div[2]/ul/li[7]/ul/li/a/span/img","Header","HTML","","18x12","","0"
"Image","https://www.ipaenglish.com/vi/user-public-account/tony-evans/","https://www.ipaenglish.com/wp-content/plugins/translatepress-multilingual/assets/images/flags/vi.png","454","vi","","200","OK","true","","","Absolute","//body/div[@id='wrapper']/div[@id='header']/div/div/div/div[2]/div/ul/li[@id='menu-item-12694']/a/span/img","Header","HTML","","18x12","","0"
"Image","https://www.ipaenglish.com/vi/user-public-account/tony-evans/","https://www.ipaenglish.com/wp-content/plugins/translatepress-multilingual/assets/images/flags/vi.png","454","vi","","200","OK","true","","","Absolute","//body/div[@id='wrapper']/div[@id='header']/div/div/div/div[3]/div[2]/div[2]/ul/li[7]/a/span/img","Header","HTML","","18x12","","0"
"Image","https://www.ipaenglish.com/vi/courses/?terms%5B%5D=22&category%5B%5D=22","https://www.ipaenglish.com/wp-content/plugins/translatepress-multilingual/assets/images/flags/vi.png","454","vi","","200","OK","true","","","Absolute","//body/div[@id='wrapper']/div[@id='header']/div/div/div/div[2]/div/ul/li[@id='menu-item-12694']/a/span/img","Header","HTML","","18x12","","0"
"Image","https://www.ipaenglish.com/vi/courses/?terms%5B%5D=22&category%5B%5D=22","https://www.ipaenglish.com/wp-content/plugins/translatepress-multilingual/assets/images/flags/vi.png","454","vi","","200","OK","true","","","Absolute","//body/div[@id='wrapper']/div[@id='header']/div/div/div/div[3]/div[2]/div[2]/ul/li[7]/a/span/img","Header","HTML","","18x12","","0"
"Image","https://www.ipaenglish.com/vi/courses/","https://www.ipaenglish.com/wp-content/plugins/translatepress-multilingual/assets/images/flags/vi.png","454","vi","","200","OK","true","","","Absolute","//body/div[@id='wrapper']/div[@id='header']/div/div/div/div[2]/div/ul/li[@id='menu-item-12694']/a/span/img","Header","HTML","","18x12","","0"
"Image","https://www.ipaenglish.com/vi/courses/","https://www.ipaenglish.com/wp-content/plugins/translatepress-multilingual/assets/images/flags/vi.png","454","vi","","200","OK","true","","","Absolute","//body/div[@id='wrapper']/div[@id='header']/div/div/div/div[3]/div[2]/div[2]/ul/li[7]/a/span/img","Header","HTML","","18x12","","0"
"Image","https://www.ipaenglish.com/","https://www.ipaenglish.com/wp-content/plugins/revslider/sr6/assets/assets/dummy.png","68","","","200","OK","true","","","Protocol-Relative","//body/div[@id='wrapper']/div[@id='main']/div[@class='container']/div[1]/div/section[1]/div/div/div/div/div/div/rs-module-wrap/rs-module/rs-slides/rs-slide/img","Content","HTML","","2560x968","","0"
"Image","https://www.ipaenglish.com/vi/","https://www.ipaenglish.com/wp-content/plugins/revslider/sr6/assets/assets/dummy.png","68","","","200","OK","true","","","Protocol-Relative","//body/div[@id='wrapper']/div[@id='main']/div[@class='container']/div[1]/div/section[1]/div/div/div/div/div/div/rs-module-wrap/rs-module/rs-slides/rs-slide/img","Content","HTML","","2560x968","","0"
"Image","https://www.ipaenglish.com/","https://www.ipaenglish.com/wp-content/uploads/2025/08/IPA-English-1024x536.jpg","89034","","","200","OK","true","","","Absolute","//body/footer/div/div/div/div/div/aside[@id='block-11']/div/div/div[1]/div/figure/img","Aside","HTML","","1024x536","","0"
"Image","https://www.ipaenglish.com/contact-us/","https://www.ipaenglish.com/wp-content/uploads/2025/08/IPA-English-1024x536.jpg","89034","","","200","OK","true","","","Absolute","//body/footer/div/div/div/div/div/aside[@id='block-11']/div/div/div[1]/div/figure/img","Aside","HTML","","1024x536","","0"
"Image","https://www.ipaenglish.com/communicative-english-for-adults/","https://www.ipaenglish.com/wp-content/uploads/2025/08/IPA-English-1024x536.jpg","89034","","","200","OK","true","","","Absolute","//body/footer/div/div/div/div/div/aside[@id='block-11']/div/div/div[1]/div/figure/img","Aside","HTML","","1024x536","","0"
"Image","https://www.ipaenglish.com/faq/","https://www.ipaenglish.com/wp-content/uploads/2025/08/IPA-English-1024x536.jpg","89034","","","200","OK","true","","","Absolute","//body/footer/div/div/div/div/div/aside[@id='block-11']/div/div/div[1]/div/figure/img","Aside","HTML","","1024x536","","0"
"Image","https://www.ipaenglish.com/book-a-test/","https://www.ipaenglish.com/wp-content/uploads/2025/08/IPA-English-1024x536.jpg","89034","","","200","OK","true","","","Absolute","//body/footer/div/div/div/div/div/aside[@id='block-11']/div/div/div[1]/div/figure/img","Aside","HTML","","1024x536","","0"
"Image","https://www.ipaenglish.com/vi/","https://www.ipaenglish.com/wp-content/uploads/2025/08/IPA-English-1024x536.jpg","89034","","","200","OK","true","","","Absolute","//body/footer/div/div/div/div/div/aside[@id='block-11']/div/div/div[1]/div/figure/img","Aside","HTML","","1024x536","","0"
"Image","https://www.ipaenglish.com/learning-system/","https://www.ipaenglish.com/wp-content/uploads/2025/08/IPA-English-1024x536.jpg","89034","","","200","OK","true","","","Absolute","//body/footer/div/div/div/div/div/aside[@id='block-11']/div/div/div[1]/div/figure/img","Aside","HTML","","1024x536","","0"
"Image","https://www.ipaenglish.com/global-english-for-teen-achievers/","https://www.ipaenglish.com/wp-content/uploads/2025/08/IPA-English-1024x536.jpg","89034","","","200","OK","true","","","Absolute","//body/footer/div/div/div/div/div/aside[@id='block-11']/div/div/div[1]/div/figure/img","Aside","HTML","","1024x536","","0"
"Image","https://www.ipaenglish.com/founders/","https://www.ipaenglish.com/wp-content/uploads/2025/08/IPA-English-1024x536.jpg","89034","","","200","OK","true","","","Absolute","//body/footer/div/div/div/div/div/aside[@id='block-11']/div/div/div[1]/div/figure/img","Aside","HTML","","1024x536","","0"
"Image","https://www.ipaenglish.com/user-account/","https://www.ipaenglish.com/wp-content/uploads/2025/08/IPA-English-1024x536.jpg","89034","","","200","OK","true","","","Absolute","//body/footer/div/div/div/div/div/aside[@id='block-11']/div/div/div[1]/div/figure/img","Aside","HTML","","1024x536","","0"
"Image","https://www.ipaenglish.com/testimonials/","https://www.ipaenglish.com/wp-content/uploads/2025/08/IPA-English-1024x536.jpg","89034","","","200","OK","true","","","Absolute","//body/footer/div/div/div/div/div/aside[@id='block-11']/div/div/div[1]/div/figure/img","Aside","HTML","","1024x536","","0"
"Image","https://www.ipaenglish.com/vi/book-a-test/","https://www.ipaenglish.com/wp-content/uploads/2025/08/IPA-English-1024x536.jpg","89034","","","200","OK","true","","","Absolute","//body/footer/div/div/div/div/div/aside[@id='block-11']/div/div/div[1]/div/figure/img","Aside","HTML","","1024x536","","0"
"Image","https://www.ipaenglish.com/user-public-account/tony-evans/","https://www.ipaenglish.com/wp-content/uploads/2025/08/IPA-English-1024x536.jpg","89034","","","200","OK","true","","","Absolute","//body/footer/div/div/div/div/div/aside[@id='block-11']/div/div/div[1]/div/figure/img","Aside","HTML","","1024x536","","0"
"Image","https://www.ipaenglish.com/vi/founders/","https://www.ipaenglish.com/wp-content/uploads/2025/08/IPA-English-1024x536.jpg","89034","","","200","OK","true","","","Absolute","//body/footer/div/div/div/div/div/aside[@id='block-11']/div/div/div[1]/div/figure/img","Aside","HTML","","1024x536","","0"
"Image","https://www.ipaenglish.com/courses/?terms%5B%5D=22&category%5B%5D=22","https://www.ipaenglish.com/wp-content/uploads/2025/08/IPA-English-1024x536.jpg","89034","","","200","OK","true","","","Absolute","//body/footer/div/div/div/div/div/aside[@id='block-11']/div/div/div[1]/div/figure/img","Aside","HTML","","1024x536","","0"
"Image","https://www.ipaenglish.com/vi/learning-system/","https://www.ipaenglish.com/wp-content/uploads/2025/08/IPA-English-1024x536.jpg","89034","","","200","OK","true","","","Absolute","//body/footer/div/div/div/div/div/aside[@id='block-11']/div/div/div[1]/div/figure/img","Aside","HTML","","1024x536","","0"
"Image","https://www.ipaenglish.com/vi/testimonials/","https://www.ipaenglish.com/wp-content/uploads/2025/08/IPA-English-1024x536.jpg","89034","","","200","OK","true","","","Absolute","//body/footer/div/div/div/div/div/aside[@id='block-11']/div/div/div[1]/div/figure/img","Aside","HTML","","1024x536","","0"
"Image","https://www.ipaenglish.com/vi/global-english-for-teen-achievers/","https://www.ipaenglish.com/wp-content/uploads/2025/08/IPA-English-1024x536.jpg","89034","","","200","OK","true","","","Absolute","//body/footer/div/div/div/div/div/aside[@id='block-11']/div/div/div[1]/div/figure/img","Aside","HTML","","1024x536","","0"
"Image","https://www.ipaenglish.com/vi/communicative-english-for-adults/","https://www.ipaenglish.com/wp-content/uploads/2025/08/IPA-English-1024x536.jpg","89034","","","200","OK","true","","","Absolute","//body/footer/div/div/div/div/div/aside[@id='block-11']/div/div/div[1]/div/figure/img","Aside","HTML","","1024x536","","0"
"Image","https://www.ipaenglish.com/vi/user-account/","https://www.ipaenglish.com/wp-content/uploads/2025/08/IPA-English-1024x536.jpg","89034","","","200","OK","true","","","Absolute","//body/footer/div/div/div/div/div/aside[@id='block-11']/div/div/div[1]/div/figure/img","Aside","HTML","","1024x536","","0"
"Image","https://www.ipaenglish.com/vi/faq/","https://www.ipaenglish.com/wp-content/uploads/2025/08/IPA-English-1024x536.jpg","89034","","","200","OK","true","","","Absolute","//body/footer/div/div/div/div/div/aside[@id='block-11']/div/div/div[1]/div/figure/img","Aside","HTML","","1024x536","","0"
"Image","https://www.ipaenglish.com/vi/contact-us/","https://www.ipaenglish.com/wp-content/uploads/2025/08/IPA-English-1024x536.jpg","89034","","","200","OK","true","","","Absolute","//body/footer/div/div/div/div/div/aside[@id='block-11']/div/div/div[1]/div/figure/img","Aside","HTML","","1024x536","","0"
"Image","https://www.ipaenglish.com/courses/","https://www.ipaenglish.com/wp-content/uploads/2025/08/IPA-English-1024x536.jpg","89034","","","200","OK","true","","","Absolute","//body/footer/div/div/div/div/div/aside[@id='block-11']/div/div/div[1]/div/figure/img","Aside","HTML","","1024x536","","0"
"Image","https://www.ipaenglish.com/vi/user-public-account/tony-evans/","https://www.ipaenglish.com/wp-content/uploads/2025/08/IPA-English-1024x536.jpg","89034","","","200","OK","true","","","Absolute","//body/footer/div/div/div/div/div/aside[@id='block-11']/div/div/div[1]/div/figure/img","Aside","HTML","","1024x536","","0"
"Image","https://www.ipaenglish.com/vi/courses/?terms%5B%5D=22&category%5B%5D=22","https://www.ipaenglish.com/wp-content/uploads/2025/08/IPA-English-1024x536.jpg","89034","","","200","OK","true","","","Absolute","//body/footer/div/div/div/div/div/aside[@id='block-11']/div/div/div[1]/div/figure/img","Aside","HTML","","1024x536","","0"
"Image","https://www.ipaenglish.com/vi/courses/","https://www.ipaenglish.com/wp-content/uploads/2025/08/IPA-English-1024x536.jpg","89034","","","200","OK","true","","","Absolute","//body/footer/div/div/div/div/div/aside[@id='block-11']/div/div/div[1]/div/figure/img","Aside","HTML","","1024x536","","0"
"Image","https://www.ipaenglish.com/","https://www.ipaenglish.com/wp-content/uploads/2024/08/36AA30E1-0DC1-4CC5-836E-1A10FE7F747B-e1723601218764.png","44315","IPA English","","200","OK","true","","","Absolute","//body/div[@id='wrapper']/div[@id='header']/div/div/div/div[1]/div/a/img","Header","HTML","","","","0"
"Image","https://www.ipaenglish.com/contact-us/","https://www.ipaenglish.com/wp-content/uploads/2024/08/36AA30E1-0DC1-4CC5-836E-1A10FE7F747B-e1723601218764.png","44315","IPA English","","200","OK","true","","","Absolute","//body/div[@id='wrapper']/div[@id='header']/div/div/div/div[1]/div/a/img","Header","HTML","","","","0"
"Image","https://www.ipaenglish.com/communicative-english-for-adults/","https://www.ipaenglish.com/wp-content/uploads/2024/08/36AA30E1-0DC1-4CC5-836E-1A10FE7F747B-e1723601218764.png","44315","IPA English","","200","OK","true","","","Absolute","//body/div[@id='wrapper']/div[@id='header']/div/div/div/div[1]/div/a/img","Header","HTML","","","","0"
"Image","https://www.ipaenglish.com/faq/","https://www.ipaenglish.com/wp-content/uploads/2024/08/36AA30E1-0DC1-4CC5-836E-1A10FE7F747B-e1723601218764.png","44315","IPA English","","200","OK","true","","","Absolute","//body/div[@id='wrapper']/div[@id='header']/div/div/div/div[1]/div/a/img","Header","HTML","","","","0"
"Image","https://www.ipaenglish.com/book-a-test/","https://www.ipaenglish.com/wp-content/uploads/2024/08/36AA30E1-0DC1-4CC5-836E-1A10FE7F747B-e1723601218764.png","44315","IPA English","","200","OK","true","","","Absolute","//body/div[@id='wrapper']/div[@id='header']/div/div/div/div[1]/div/a/img","Header","HTML","","","","0"
"Image","https://www.ipaenglish.com/vi/","https://www.ipaenglish.com/wp-content/uploads/2024/08/36AA30E1-0DC1-4CC5-836E-1A10FE7F747B-e1723601218764.png","44315","IPA English","","200","OK","true","","","Absolute","//body/div[@id='wrapper']/div[@id='header']/div/div/div/div[1]/div/a/img","Header","HTML","","","","0"
"Image","https://www.ipaenglish.com/learning-system/","https://www.ipaenglish.com/wp-content/uploads/2024/08/36AA30E1-0DC1-4CC5-836E-1A10FE7F747B-e1723601218764.png","44315","IPA English","","200","OK","true","","","Absolute","//body/div[@id='wrapper']/div[@id='header']/div/div/div/div[1]/div/a/img","Header","HTML","","","","0"
"Image","https://www.ipaenglish.com/global-english-for-teen-achievers/","https://www.ipaenglish.com/wp-content/uploads/2024/08/36AA30E1-0DC1-4CC5-836E-1A10FE7F747B-e1723601218764.png","44315","IPA English","","200","OK","true","","","Absolute","//body/div[@id='wrapper']/div[@id='header']/div/div/div/div[1]/div/a/img","Header","HTML","","","","0"
"Image","https://www.ipaenglish.com/founders/","https://www.ipaenglish.com/wp-content/uploads/2024/08/36AA30E1-0DC1-4CC5-836E-1A10FE7F747B-e1723601218764.png","44315","IPA English","","200","OK","true","","","Absolute","//body/div[@id='wrapper']/div[@id='header']/div/div/div/div[1]/div/a/img","Header","HTML","","","","0"
"Image","https://www.ipaenglish.com/user-account/","https://www.ipaenglish.com/wp-content/uploads/2024/08/36AA30E1-0DC1-4CC5-836E-1A10FE7F747B-e1723601218764.png","44315","IPA English","","200","OK","true","","","Absolute","//body/div[@id='wrapper']/div[@id='header']/div/div/div/div[1]/div/a/img","Header","HTML","","","","0"
"Image","https://www.ipaenglish.com/testimonials/","https://www.ipaenglish.com/wp-content/uploads/2024/08/36AA30E1-0DC1-4CC5-836E-1A10FE7F747B-e1723601218764.png","44315","IPA English","","200","OK","true","","","Absolute","//body/div[@id='wrapper']/div[@id='header']/div/div/div/div[1]/div/a/img","Header","HTML","","","","0"
"Image","https://www.ipaenglish.com/vi/book-a-test/","https://www.ipaenglish.com/wp-content/uploads/2024/08/36AA30E1-0DC1-4CC5-836E-1A10FE7F747B-e1723601218764.png","44315","IPA English","","200","OK","true","","","Absolute","//body/div[@id='wrapper']/div[@id='header']/div/div/div/div[1]/div/a/img","Header","HTML","","","","0"
"Image","https://www.ipaenglish.com/user-public-account/tony-evans/","https://www.ipaenglish.com/wp-content/uploads/2024/08/36AA30E1-0DC1-4CC5-836E-1A10FE7F747B-e1723601218764.png","44315","IPA English","","200","OK","true","","","Absolute","//body/div[@id='wrapper']/div[@id='header']/div/div/div/div[1]/div/a/img","Header","HTML","","","","0"
"Image","https://www.ipaenglish.com/vi/founders/","https://www.ipaenglish.com/wp-content/uploads/2024/08/36AA30E1-0DC1-4CC5-836E-1A10FE7F747B-e1723601218764.png","44315","IPA English","","200","OK","true","","","Absolute","//body/div[@id='wrapper']/div[@id='header']/div/div/div/div[1]/div/a/img","Header","HTML","","","","0"
"Image","https://www.ipaenglish.com/courses/?terms%5B%5D=22&category%5B%5D=22","https://www.ipaenglish.com/wp-content/uploads/2024/08/36AA30E1-0DC1-4CC5-836E-1A10FE7F747B-e1723601218764.png","44315","IPA English","","200","OK","true","","","Absolute","//body/div[@id='wrapper']/div[@id='header']/div/div/div/div[1]/div/a/img","Header","HTML","","","","0"
"Image","https://www.ipaenglish.com/vi/learning-system/","https://www.ipaenglish.com/wp-content/uploads/2024/08/36AA30E1-0DC1-4CC5-836E-1A10FE7F747B-e1723601218764.png","44315","IPA English","","200","OK","true","","","Absolute","//body/div[@id='wrapper']/div[@id='header']/div/div/div/div[1]/div/a/img","Header","HTML","","","","0"
"Image","https://www.ipaenglish.com/vi/testimonials/","https://www.ipaenglish.com/wp-content/uploads/2024/08/36AA30E1-0DC1-4CC5-836E-1A10FE7F747B-e1723601218764.png","44315","IPA English","","200","OK","true","","","Absolute","//body/div[@id='wrapper']/div[@id='header']/div/div/div/div[1]/div/a/img","Header","HTML","","","","0"
"Image","https://www.ipaenglish.com/vi/global-english-for-teen-achievers/","https://www.ipaenglish.com/wp-content/uploads/2024/08/36AA30E1-0DC1-4CC5-836E-1A10FE7F747B-e1723601218764.png","44315","IPA English","","200","OK","true","","","Absolute","//body/div[@id='wrapper']/div[@id='header']/div/div/div/div[1]/div/a/img","Header","HTML","","","","0"
"Image","https://www.ipaenglish.com/vi/communicative-english-for-adults/","https://www.ipaenglish.com/wp-content/uploads/2024/08/36AA30E1-0DC1-4CC5-836E-1A10FE7F747B-e1723601218764.png","44315","IPA English","","200","OK","true","","","Absolute","//body/div[@id='wrapper']/div[@id='header']/div/div/div/div[1]/div/a/img","Header","HTML","","","","0"
"Image","https://www.ipaenglish.com/vi/user-account/","https://www.ipaenglish.com/wp-content/uploads/2024/08/36AA30E1-0DC1-4CC5-836E-1A10FE7F747B-e1723601218764.png","44315","IPA English","","200","OK","true","","","Absolute","//body/div[@id='wrapper']/div[@id='header']/div/div/div/div[1]/div/a/img","Header","HTML","","","","0"
"Image","https://www.ipaenglish.com/vi/faq/","https://www.ipaenglish.com/wp-content/uploads/2024/08/36AA30E1-0DC1-4CC5-836E-1A10FE7F747B-e1723601218764.png","44315","IPA English","","200","OK","true","","","Absolute","//body/div[@id='wrapper']/div[@id='header']/div/div/div/div[1]/div/a/img","Header","HTML","","","","0"
"Image","https://www.ipaenglish.com/vi/contact-us/","https://www.ipaenglish.com/wp-content/uploads/2024/08/36AA30E1-0DC1-4CC5-836E-1A10FE7F747B-e1723601218764.png","44315","IPA English","","200","OK","true","","","Absolute","//body/div[@id='wrapper']/div[@id='header']/div/div/div/div[1]/div/a/img","Header","HTML","","","","0"
"Image","https://www.ipaenglish.com/courses/","https://www.ipaenglish.com/wp-content/uploads/2024/08/36AA30E1-0DC1-4CC5-836E-1A10FE7F747B-e1723601218764.png","44315","IPA English","","200","OK","true","","","Absolute","//body/div[@id='wrapper']/div[@id='header']/div/div/div/div[1]/div/a/img","Header","HTML","","","","0"
"Image","https://www.ipaenglish.com/vi/user-public-account/tony-evans/","https://www.ipaenglish.com/wp-content/uploads/2024/08/36AA30E1-0DC1-4CC5-836E-1A10FE7F747B-e1723601218764.png","44315","IPA English","","200","OK","true","","","Absolute","//body/div[@id='wrapper']/div[@id='header']/div/div/div/div[1]/div/a/img","Header","HTML","","","","0"
"Image","https://www.ipaenglish.com/vi/courses/?terms%5B%5D=22&category%5B%5D=22","https://www.ipaenglish.com/wp-content/uploads/2024/08/36AA30E1-0DC1-4CC5-836E-1A10FE7F747B-e1723601218764.png","44315","IPA English","","200","OK","true","","","Absolute","//body/div[@id='wrapper']/div[@id='header']/div/div/div/div[1]/div/a/img","Header","HTML","","","","0"
"Image","https://www.ipaenglish.com/vi/courses/","https://www.ipaenglish.com/wp-content/uploads/2024/08/36AA30E1-0DC1-4CC5-836E-1A10FE7F747B-e1723601218764.png","44315","IPA English","","200","OK","true","","","Absolute","//body/div[@id='wrapper']/div[@id='header']/div/div/div/div[1]/div/a/img","Header","HTML","","","","0"
"Image","https://www.ipaenglish.com/","https://www.ipaenglish.com/wp-content/plugins/translatepress-multilingual/assets/images/flags/en_US.png","502","en_US","","200","OK","true","","","Absolute","//body/div[@id='wrapper']/div[@id='header']/div/div/div/div[2]/div/ul/li[@id='menu-item-12694']/a/span/img","Header","HTML","","18x12","","0"
"Image","https://www.ipaenglish.com/","https://www.ipaenglish.com/wp-content/plugins/translatepress-multilingual/assets/images/flags/en_US.png","502","en_US","","200","OK","true","","","Absolute","//body/div[@id='wrapper']/div[@id='header']/div/div/div/div[3]/div[2]/div[2]/ul/li[7]/a/span/img","Header","HTML","","18x12","","0"
"Image","https://www.ipaenglish.com/contact-us/","https://www.ipaenglish.com/wp-content/plugins/translatepress-multilingual/assets/images/flags/en_US.png","502","en_US","","200","OK","true","","","Absolute","//body/div[@id='wrapper']/div[@id='header']/div/div/div/div[2]/div/ul/li[@id='menu-item-12694']/a/span/img","Header","HTML","","18x12","","0"
"Image","https://www.ipaenglish.com/contact-us/","https://www.ipaenglish.com/wp-content/plugins/translatepress-multilingual/assets/images/flags/en_US.png","502","en_US","","200","OK","true","","","Absolute","//body/div[@id='wrapper']/div[@id='header']/div/div/div/div[3]/div[2]/div[2]/ul/li[7]/a/span/img","Header","HTML","","18x12","","0"
"Image","https://www.ipaenglish.com/communicative-english-for-adults/","https://www.ipaenglish.com/wp-content/plugins/translatepress-multilingual/assets/images/flags/en_US.png","502","en_US","","200","OK","true","","","Absolute","//body/div[@id='wrapper']/div[@id='header']/div/div/div/div[2]/div/ul/li[@id='menu-item-12694']/a/span/img","Header","HTML","","18x12","","0"
"Image","https://www.ipaenglish.com/communicative-english-for-adults/","https://www.ipaenglish.com/wp-content/plugins/translatepress-multilingual/assets/images/flags/en_US.png","502","en_US","","200","OK","true","","","Absolute","//body/div[@id='wrapper']/div[@id='header']/div/div/div/div[3]/div[2]/div[2]/ul/li[7]/a/span/img","Header","HTML","","18x12","","0"
"Image","https://www.ipaenglish.com/faq/","https://www.ipaenglish.com/wp-content/plugins/translatepress-multilingual/assets/images/flags/en_US.png","502","en_US","","200","OK","true","","","Absolute","//body/div[@id='wrapper']/div[@id='header']/div/div/div/div[2]/div/ul/li[@id='menu-item-12694']/a/span/img","Header","HTML","","18x12","","0"
"Image","https://www.ipaenglish.com/faq/","https://www.ipaenglish.com/wp-content/plugins/translatepress-multilingual/assets/images/flags/en_US.png","502","en_US","","200","OK","true","","","Absolute","//body/div[@id='wrapper']/div[@id='header']/div/div/div/div[3]/div[2]/div[2]/ul/li[7]/a/span/img","Header","HTML","","18x12","","0"
"Image","https://www.ipaenglish.com/book-a-test/","https://www.ipaenglish.com/wp-content/plugins/translatepress-multilingual/assets/images/flags/en_US.png","502","en_US","","200","OK","true","","","Absolute","//body/div[@id='wrapper']/div[@id='header']/div/div/div/div[2]/div/ul/li[@id='menu-item-12694']/a/span/img","Header","HTML","","18x12","","0"
"Image","https://www.ipaenglish.com/book-a-test/","https://www.ipaenglish.com/wp-content/plugins/translatepress-multilingual/assets/images/flags/en_US.png","502","en_US","","200","OK","true","","","Absolute","//body/div[@id='wrapper']/div[@id='header']/div/div/div/div[3]/div[2]/div[2]/ul/li[7]/a/span/img","Header","HTML","","18x12","","0"
"Image","https://www.ipaenglish.com/vi/","https://www.ipaenglish.com/wp-content/plugins/translatepress-multilingual/assets/images/flags/en_US.png","502","en_US","","200","OK","true","","","Absolute","//body/div[@id='wrapper']/div[@id='header']/div/div/div/div[2]/div/ul/li[@id='menu-item-12694']/ul/li/a/span/img","Header","HTML","","18x12","","0"
"Image","https://www.ipaenglish.com/vi/","https://www.ipaenglish.com/wp-content/plugins/translatepress-multilingual/assets/images/flags/en_US.png","502","en_US","","200","OK","true","","","Absolute","//body/div[@id='wrapper']/div[@id='header']/div/div/div/div[3]/div[2]/div[2]/ul/li[7]/ul/li/a/span/img","Header","HTML","","18x12","","0"
"Image","https://www.ipaenglish.com/learning-system/","https://www.ipaenglish.com/wp-content/plugins/translatepress-multilingual/assets/images/flags/en_US.png","502","en_US","","200","OK","true","","","Absolute","//body/div[@id='wrapper']/div[@id='header']/div/div/div/div[2]/div/ul/li[@id='menu-item-12694']/a/span/img","Header","HTML","","18x12","","0"
"Image","https://www.ipaenglish.com/learning-system/","https://www.ipaenglish.com/wp-content/plugins/translatepress-multilingual/assets/images/flags/en_US.png","502","en_US","","200","OK","true","","","Absolute","//body/div[@id='wrapper']/div[@id='header']/div/div/div/div[3]/div[2]/div[2]/ul/li[7]/a/span/img","Header","HTML","","18x12","","0"
"Image","https://www.ipaenglish.com/global-english-for-teen-achievers/","https://www.ipaenglish.com/wp-content/plugins/translatepress-multilingual/assets/images/flags/en_US.png","502","en_US","","200","OK","true","","","Absolute","//body/div[@id='wrapper']/div[@id='header']/div/div/div/div[2]/div/ul/li[@id='menu-item-12694']/a/span/img","Header","HTML","","18x12","","0"
"Image","https://www.ipaenglish.com/global-english-for-teen-achievers/","https://www.ipaenglish.com/wp-content/plugins/translatepress-multilingual/assets/images/flags/en_US.png","502","en_US","","200","OK","true","","","Absolute","//body/div[@id='wrapper']/div[@id='header']/div/div/div/div[3]/div[2]/div[2]/ul/li[7]/a/span/img","Header","HTML","","18x12","","0"
"Image","https://www.ipaenglish.com/founders/","https://www.ipaenglish.com/wp-content/plugins/translatepress-multilingual/assets/images/flags/en_US.png","502","en_US","","200","OK","true","","","Absolute","//body/div[@id='wrapper']/div[@id='header']/div/div/div/div[2]/div/ul/li[@id='menu-item-12694']/a/span/img","Header","HTML","","18x12","","0"
"Image","https://www.ipaenglish.com/founders/","https://www.ipaenglish.com/wp-content/plugins/translatepress-multilingual/assets/images/flags/en_US.png","502","en_US","","200","OK","true","","","Absolute","//body/div[@id='wrapper']/div[@id='header']/div/div/div/div[3]/div[2]/div[2]/ul/li[7]/a/span/img","Header","HTML","","18x12","","0"
"Image","https://www.ipaenglish.com/user-account/","https://www.ipaenglish.com/wp-content/plugins/translatepress-multilingual/assets/images/flags/en_US.png","502","en_US","","200","OK","true","","","Absolute","//body/div[@id='wrapper']/div[@id='header']/div/div/div/div[2]/div/ul/li[@id='menu-item-12694']/a/span/img","Header","HTML","","18x12","","0"
"Image","https://www.ipaenglish.com/user-account/","https://www.ipaenglish.com/wp-content/plugins/translatepress-multilingual/assets/images/flags/en_US.png","502","en_US","","200","OK","true","","","Absolute","//body/div[@id='wrapper']/div[@id='header']/div/div/div/div[3]/div[2]/div[2]/ul/li[7]/a/span/img","Header","HTML","","18x12","","0"
"Image","https://www.ipaenglish.com/testimonials/","https://www.ipaenglish.com/wp-content/plugins/translatepress-multilingual/assets/images/flags/en_US.png","502","en_US","","200","OK","true","","","Absolute","//body/div[@id='wrapper']/div[@id='header']/div/div/div/div[2]/div/ul/li[@id='menu-item-12694']/a/span/img","Header","HTML","","18x12","","0"
"Image","https://www.ipaenglish.com/testimonials/","https://www.ipaenglish.com/wp-content/plugins/translatepress-multilingual/assets/images/flags/en_US.png","502","en_US","","200","OK","true","","","Absolute","//body/div[@id='wrapper']/div[@id='header']/div/div/div/div[3]/div[2]/div[2]/ul/li[7]/a/span/img","Header","HTML","","18x12","","0"
"Image","https://www.ipaenglish.com/vi/book-a-test/","https://www.ipaenglish.com/wp-content/plugins/translatepress-multilingual/assets/images/flags/en_US.png","502","en_US","","200","OK","true","","","Absolute","//body/div[@id='wrapper']/div[@id='header']/div/div/div/div[2]/div/ul/li[@id='menu-item-12694']/ul/li/a/span/img","Header","HTML","","18x12","","0"
"Image","https://www.ipaenglish.com/vi/book-a-test/","https://www.ipaenglish.com/wp-content/plugins/translatepress-multilingual/assets/images/flags/en_US.png","502","en_US","","200","OK","true","","","Absolute","//body/div[@id='wrapper']/div[@id='header']/div/div/div/div[3]/div[2]/div[2]/ul/li[7]/ul/li/a/span/img","Header","HTML","","18x12","","0"
"Image","https://www.ipaenglish.com/user-public-account/tony-evans/","https://www.ipaenglish.com/wp-content/plugins/translatepress-multilingual/assets/images/flags/en_US.png","502","en_US","","200","OK","true","","","Absolute","//body/div[@id='wrapper']/div[@id='header']/div/div/div/div[2]/div/ul/li[@id='menu-item-12694']/a/span/img","Header","HTML","","18x12","","0"
"Image","https://www.ipaenglish.com/user-public-account/tony-evans/","https://www.ipaenglish.com/wp-content/plugins/translatepress-multilingual/assets/images/flags/en_US.png","502","en_US","","200","OK","true","","","Absolute","//body/div[@id='wrapper']/div[@id='header']/div/div/div/div[3]/div[2]/div[2]/ul/li[7]/a/span/img","Header","HTML","","18x12","","0"
"Image","https://www.ipaenglish.com/vi/founders/","https://www.ipaenglish.com/wp-content/plugins/translatepress-multilingual/assets/images/flags/en_US.png","502","en_US","","200","OK","true","","","Absolute","//body/div[@id='wrapper']/div[@id='header']/div/div/div/div[2]/div/ul/li[@id='menu-item-12694']/ul/li/a/span/img","Header","HTML","","18x12","","0"
"Image","https://www.ipaenglish.com/vi/founders/","https://www.ipaenglish.com/wp-content/plugins/translatepress-multilingual/assets/images/flags/en_US.png","502","en_US","","200","OK","true","","","Absolute","//body/div[@id='wrapper']/div[@id='header']/div/div/div/div[3]/div[2]/div[2]/ul/li[7]/ul/li/a/span/img","Header","HTML","","18x12","","0"
"Image","https://www.ipaenglish.com/courses/?terms%5B%5D=22&category%5B%5D=22","https://www.ipaenglish.com/wp-content/plugins/translatepress-multilingual/assets/images/flags/en_US.png","502","en_US","","200","OK","true","","","Absolute","//body/div[@id='wrapper']/div[@id='header']/div/div/div/div[2]/div/ul/li[@id='menu-item-12694']/a/span/img","Header","HTML","","18x12","","0"
"Image","https://www.ipaenglish.com/courses/?terms%5B%5D=22&category%5B%5D=22","https://www.ipaenglish.com/wp-content/plugins/translatepress-multilingual/assets/images/flags/en_US.png","502","en_US","","200","OK","true","","","Absolute","//body/div[@id='wrapper']/div[@id='header']/div/div/div/div[3]/div[2]/div[2]/ul/li[7]/a/span/img","Header","HTML","","18x12","","0"
"Image","https://www.ipaenglish.com/vi/learning-system/","https://www.ipaenglish.com/wp-content/plugins/translatepress-multilingual/assets/images/flags/en_US.png","502","en_US","","200","OK","true","","","Absolute","//body/div[@id='wrapper']/div[@id='header']/div/div/div/div[2]/div/ul/li[@id='menu-item-12694']/ul/li/a/span/img","Header","HTML","","18x12","","0"
"Image","https://www.ipaenglish.com/vi/learning-system/","https://www.ipaenglish.com/wp-content/plugins/translatepress-multilingual/assets/images/flags/en_US.png","502","en_US","","200","OK","true","","","Absolute","//body/div[@id='wrapper']/div[@id='header']/div/div/div/div[3]/div[2]/div[2]/ul/li[7]/ul/li/a/span/img","Header","HTML","","18x12","","0"
"Image","https://www.ipaenglish.com/vi/testimonials/","https://www.ipaenglish.com/wp-content/plugins/translatepress-multilingual/assets/images/flags/en_US.png","502","en_US","","200","OK","true","","","Absolute","//body/div[@id='wrapper']/div[@id='header']/div/div/div/div[2]/div/ul/li[@id='menu-item-12694']/ul/li/a/span/img","Header","HTML","","18x12","","0"
"Image","https://www.ipaenglish.com/vi/testimonials/","https://www.ipaenglish.com/wp-content/plugins/translatepress-multilingual/assets/images/flags/en_US.png","502","en_US","","200","OK","true","","","Absolute","//body/div[@id='wrapper']/div[@id='header']/div/div/div/div[3]/div[2]/div[2]/ul/li[7]/ul/li/a/span/img","Header","HTML","","18x12","","0"
"Image","https://www.ipaenglish.com/vi/global-english-for-teen-achievers/","https://www.ipaenglish.com/wp-content/plugins/translatepress-multilingual/assets/images/flags/en_US.png","502","en_US","","200","OK","true","","","Absolute","//body/div[@id='wrapper']/div[@id='header']/div/div/div/div[2]/div/ul/li[@id='menu-item-12694']/ul/li/a/span/img","Header","HTML","","18x12","","0"
"Image","https://www.ipaenglish.com/vi/global-english-for-teen-achievers/","https://www.ipaenglish.com/wp-content/plugins/translatepress-multilingual/assets/images/flags/en_US.png","502","en_US","","200","OK","true","","","Absolute","//body/div[@id='wrapper']/div[@id='header']/div/div/div/div[3]/div[2]/div[2]/ul/li[7]/ul/li/a/span/img","Header","HTML","","18x12","","0"
"Image","https://www.ipaenglish.com/vi/communicative-english-for-adults/","https://www.ipaenglish.com/wp-content/plugins/translatepress-multilingual/assets/images/flags/en_US.png","502","en_US","","200","OK","true","","","Absolute","//body/div[@id='wrapper']/div[@id='header']/div/div/div/div[2]/div/ul/li[@id='menu-item-12694']/ul/li/a/span/img","Header","HTML","","18x12","","0"
"Image","https://www.ipaenglish.com/vi/communicative-english-for-adults/","https://www.ipaenglish.com/wp-content/plugins/translatepress-multilingual/assets/images/flags/en_US.png","502","en_US","","200","OK","true","","","Absolute","//body/div[@id='wrapper']/div[@id='header']/div/div/div/div[3]/div[2]/div[2]/ul/li[7]/ul/li/a/span/img","Header","HTML","","18x12","","0"
"Image","https://www.ipaenglish.com/vi/user-account/","https://www.ipaenglish.com/wp-content/plugins/translatepress-multilingual/assets/images/flags/en_US.png","502","en_US","","200","OK","true","","","Absolute","//body/div[@id='wrapper']/div[@id='header']/div/div/div/div[2]/div/ul/li[@id='menu-item-12694']/ul/li/a/span/img","Header","HTML","","18x12","","0"
"Image","https://www.ipaenglish.com/vi/user-account/","https://www.ipaenglish.com/wp-content/plugins/translatepress-multilingual/assets/images/flags/en_US.png","502","en_US","","200","OK","true","","","Absolute","//body/div[@id='wrapper']/div[@id='header']/div/div/div/div[3]/div[2]/div[2]/ul/li[7]/ul/li/a/span/img","Header","HTML","","18x12","","0"
"Image","https://www.ipaenglish.com/vi/faq/","https://www.ipaenglish.com/wp-content/plugins/translatepress-multilingual/assets/images/flags/en_US.png","502","en_US","","200","OK","true","","","Absolute","//body/div[@id='wrapper']/div[@id='header']/div/div/div/div[2]/div/ul/li[@id='menu-item-12694']/ul/li/a/span/img","Header","HTML","","18x12","","0"
"Image","https://www.ipaenglish.com/vi/faq/","https://www.ipaenglish.com/wp-content/plugins/translatepress-multilingual/assets/images/flags/en_US.png","502","en_US","","200","OK","true","","","Absolute","//body/div[@id='wrapper']/div[@id='header']/div/div/div/div[3]/div[2]/div[2]/ul/li[7]/ul/li/a/span/img","Header","HTML","","18x12","","0"
"Image","https://www.ipaenglish.com/vi/contact-us/","https://www.ipaenglish.com/wp-content/plugins/translatepress-multilingual/assets/images/flags/en_US.png","502","en_US","","200","OK","true","","","Absolute","//body/div[@id='wrapper']/div[@id='header']/div/div/div/div[2]/div/ul/li[@id='menu-item-12694']/ul/li/a/span/img","Header","HTML","","18x12","","0"
"Image","https://www.ipaenglish.com/vi/contact-us/","https://www.ipaenglish.com/wp-content/plugins/translatepress-multilingual/assets/images/flags/en_US.png","502","en_US","","200","OK","true","","","Absolute","//body/div[@id='wrapper']/div[@id='header']/div/div/div/div[3]/div[2]/div[2]/ul/li[7]/ul/li/a/span/img","Header","HTML","","18x12","","0"
"Image","https://www.ipaenglish.com/courses/","https://www.ipaenglish.com/wp-content/plugins/translatepress-multilingual/assets/images/flags/en_US.png","502","en_US","","200","OK","true","","","Absolute","//body/div[@id='wrapper']/div[@id='header']/div/div/div/div[2]/div/ul/li[@id='menu-item-12694']/a/span/img","Header","HTML","","18x12","","0"
"Image","https://www.ipaenglish.com/courses/","https://www.ipaenglish.com/wp-content/plugins/translatepress-multilingual/assets/images/flags/en_US.png","502","en_US","","200","OK","true","","","Absolute","//body/div[@id='wrapper']/div[@id='header']/div/div/div/div[3]/div[2]/div[2]/ul/li[7]/a/span/img","Header","HTML","","18x12","","0"
"Image","https://www.ipaenglish.com/vi/user-public-account/tony-evans/","https://www.ipaenglish.com/wp-content/plugins/translatepress-multilingual/assets/images/flags/en_US.png","502","en_US","","200","OK","true","","","Absolute","//body/div[@id='wrapper']/div[@id='header']/div/div/div/div[2]/div/ul/li[@id='menu-item-12694']/ul/li/a/span/img","Header","HTML","","18x12","","0"
"Image","https://www.ipaenglish.com/vi/user-public-account/tony-evans/","https://www.ipaenglish.com/wp-content/plugins/translatepress-multilingual/assets/images/flags/en_US.png","502","en_US","","200","OK","true","","","Absolute","//body/div[@id='wrapper']/div[@id='header']/div/div/div/div[3]/div[2]/div[2]/ul/li[7]/ul/li/a/span/img","Header","HTML","","18x12","","0"
"Image","https://www.ipaenglish.com/vi/courses/?terms%5B%5D=22&category%5B%5D=22","https://www.ipaenglish.com/wp-content/plugins/translatepress-multilingual/assets/images/flags/en_US.png","502","en_US","","200","OK","true","","","Absolute","//body/div[@id='wrapper']/div[@id='header']/div/div/div/div[2]/div/ul/li[@id='menu-item-12694']/ul/li/a/span/img","Header","HTML","","18x12","","0"
"Image","https://www.ipaenglish.com/vi/courses/?terms%5B%5D=22&category%5B%5D=22","https://www.ipaenglish.com/wp-content/plugins/translatepress-multilingual/assets/images/flags/en_US.png","502","en_US","","200","OK","true","","","Absolute","//body/div[@id='wrapper']/div[@id='header']/div/div/div/div[3]/div[2]/div[2]/ul/li[7]/ul/li/a/span/img","Header","HTML","","18x12","","0"
"Image","https://www.ipaenglish.com/vi/courses/","https://www.ipaenglish.com/wp-content/plugins/translatepress-multilingual/assets/images/flags/en_US.png","502","en_US","","200","OK","true","","","Absolute","//body/div[@id='wrapper']/div[@id='header']/div/div/div/div[2]/div/ul/li[@id='menu-item-12694']/ul/li/a/span/img","Header","HTML","","18x12","","0"
"Image","https://www.ipaenglish.com/vi/courses/","https://www.ipaenglish.com/wp-content/plugins/translatepress-multilingual/assets/images/flags/en_US.png","502","en_US","","200","OK","true","","","Absolute","//body/div[@id='wrapper']/div[@id='header']/div/div/div/div[3]/div[2]/div[2]/ul/li[7]/ul/li/a/span/img","Header","HTML","","18x12","","0"
"Image","https://www.ipaenglish.com/global-english-for-teen-achievers/","https://www.ipaenglish.com/wp-content/uploads/2024/08/Tony-Profile-Picture-e1723626782498.png","91782","","","200","OK","true","","","Absolute","//body/div[@id='wrapper']/div[@id='main']/div[@class='container']/div[1]/div[1]/div/div[2]/div[1]/div/div/div/div/figure/img","Content","HTML","","271x271","","0"
"Image","https://www.ipaenglish.com/user-public-account/tony-evans/","https://www.ipaenglish.com/wp-content/uploads/2024/08/Tony-Profile-Picture-e1723626782498.png","91782","","","200","OK","true","","","Absolute","//body/div[@id='wrapper']/div[@id='main']/div[@class='container']/div[1]/div/div[1]/div[2]/figure/img","Content","HTML","","271x271","","0"
"Image","https://www.ipaenglish.com/vi/global-english-for-teen-achievers/","https://www.ipaenglish.com/wp-content/uploads/2024/08/Tony-Profile-Picture-e1723626782498.png","91782","","","200","OK","true","","","Absolute","//body/div[@id='wrapper']/div[@id='main']/div[@class='container']/div[1]/div[1]/div/div[2]/div[1]/div/div/div/div/figure/img","Content","HTML","","271x271","","0"
"Image","https://www.ipaenglish.com/vi/user-public-account/tony-evans/","https://www.ipaenglish.com/wp-content/uploads/2024/08/Tony-Profile-Picture-e1723626782498.png","91782","","","200","OK","true","","","Absolute","//body/div[@id='wrapper']/div[@id='main']/div[@class='container']/div[1]/div/div[1]/div[2]/figure/img","Content","HTML","","271x271","","0"
"Image","https://www.ipaenglish.com/learning-system/","https://www.ipaenglish.com/wp-content/uploads/2024/08/7.-Learning-System-Infographic-version-1-410x1024.png","229435","","","200","OK","true","","","Absolute","//body/div[@id='wrapper']/div[@id='main']/div[@class='container']/div[1]/div/div[4]/div/div[2]/div/div/img","Content","HTML","","410x1024","","0"
"Image","https://www.ipaenglish.com/vi/learning-system/","https://www.ipaenglish.com/wp-content/uploads/2024/08/7.-Learning-System-Infographic-version-1-410x1024.png","229435","","","200","OK","true","","","Absolute","//body/div[@id='wrapper']/div[@id='main']/div[@class='container']/div[1]/div/div[4]/div/div[2]/div/div/img","Content","HTML","","410x1024","","0"
"Image","https://www.ipaenglish.com/learning-system/","https://www.ipaenglish.com/wp-content/uploads/2024/08/IPA-student-Large-1279x852.jpeg","69524","","","200","OK","true","","","Absolute","//body/div[@id='wrapper']/div[@id='main']/div[@class='container']/div[1]/div/div[1]/div/div/div/img","Content","HTML","","1279x852","","0"
"Image","https://www.ipaenglish.com/vi/learning-system/","https://www.ipaenglish.com/wp-content/uploads/2024/08/IPA-student-Large-1279x852.jpeg","69524","","","200","OK","true","","","Absolute","//body/div[@id='wrapper']/div[@id='main']/div[@class='container']/div[1]/div/div[1]/div/div/div/img","Content","HTML","","1279x852","","0"
"Image","https://www.ipaenglish.com/global-english-for-teen-achievers/","https://www.ipaenglish.com/wp-content/uploads/2024/08/Image-8-Large-1-1024x768.jpeg","93838","","","200","OK","true","","","Absolute","//body/div[@id='wrapper']/div[@id='main']/div[@class='container']/div[1]/div[@class='wp-block-group']/div/div/div/div[1]/figure/img","Content","HTML","","1024x768","","0"
"Image","https://www.ipaenglish.com/vi/global-english-for-teen-achievers/","https://www.ipaenglish.com/wp-content/uploads/2024/08/Image-8-Large-1-1024x768.jpeg","93838","","","200","OK","true","","","Absolute","//body/div[@id='wrapper']/div[@id='main']/div[@class='container']/div[1]/div[@class='wp-block-group']/div/div/div/div[1]/figure/img","Content","HTML","","1024x768","","0"
"Image","https://www.ipaenglish.com/founders/","https://www.ipaenglish.com/wp-content/uploads/2024/08/Kristin-300x300.png","80693","","","200","OK","true","","","Absolute","//body/div[@id='wrapper']/div[@id='main']/div[@class='container']/div[1]/div/div[3]/div/div[1]/div/div/div[@class='e-link-in-bio__content']/div[@class='e-link-in-bio__identity']/div/img","Content","HTML","","300x300","","0"
"Image","https://www.ipaenglish.com/vi/founders/","https://www.ipaenglish.com/wp-content/uploads/2024/08/Kristin-300x300.png","80693","","","200","OK","true","","","Absolute","//body/div[@id='wrapper']/div[@id='main']/div[@class='container']/div[1]/div/div[3]/div/div[1]/div/div/div[@class='e-link-in-bio__content']/div[@class='e-link-in-bio__identity']/div/img","Content","HTML","","300x300","","0"
"Image","https://www.ipaenglish.com/global-english-for-teen-achievers/","https://www.ipaenglish.com/wp-content/uploads/2025/08/course-icon-5.png","17987","","","200","OK","true","","","Absolute","//body/div[@id='wrapper']/div[@id='main']/div[@class='container']/div[1]/div[1]/div/div[2]/div[2]/div/div/div/div/figure/img","Content","HTML","","250x250","","0"
"Image","https://www.ipaenglish.com/vi/global-english-for-teen-achievers/","https://www.ipaenglish.com/wp-content/uploads/2025/08/course-icon-5.png","17987","","","200","OK","true","","","Absolute","//body/div[@id='wrapper']/div[@id='main']/div[@class='container']/div[1]/div[1]/div/div[2]/div[2]/div/div/div/div/figure/img","Content","HTML","","250x250","","0"
"Image","https://www.ipaenglish.com/founders/","https://www.ipaenglish.com/wp-content/uploads/2024/08/tony-kris-1024x768.jpeg","99100","","","200","OK","true","","","Absolute","//body/div[@id='wrapper']/div[@id='main']/div[@class='container']/div[1]/div/section[1]/div/div[2]/div/div/div/img","Content","HTML","","1024x768","","0"
"Image","https://www.ipaenglish.com/vi/founders/","https://www.ipaenglish.com/wp-content/uploads/2024/08/tony-kris-1024x768.jpeg","99100","","","200","OK","true","","","Absolute","//body/div[@id='wrapper']/div[@id='main']/div[@class='container']/div[1]/div/section[1]/div/div[2]/div/div/div/img","Content","HTML","","1024x768","","0"
"Image","https://www.ipaenglish.com/founders/","https://www.ipaenglish.com/wp-content/uploads/2024/08/Teacher-Training-2JPG-1024x683.jpg","111735","","","200","OK","true","","","Absolute","//body/div[@id='wrapper']/div[@id='main']/div[@class='container']/div[1]/div/section[2]/div/div[1]/div/div/div/img","Content","HTML","","1024x683","","0"
"Image","https://www.ipaenglish.com/vi/founders/","https://www.ipaenglish.com/wp-content/uploads/2024/08/Teacher-Training-2JPG-1024x683.jpg","111735","","","200","OK","true","","","Absolute","//body/div[@id='wrapper']/div[@id='main']/div[@class='container']/div[1]/div/section[2]/div/div[1]/div/div/div/img","Content","HTML","","1024x683","","0"
"Image","https://www.ipaenglish.com/founders/","https://www.ipaenglish.com/wp-content/uploads/2025/08/DSC0052-graded-white-background-300x294.jpg","12443","","","200","OK","true","","","Absolute","//body/div[@id='wrapper']/div[@id='main']/div[@class='container']/div[1]/div/div[3]/div/div[2]/div/div/div[@class='e-link-in-bio__content']/div[@class='e-link-in-bio__identity']/div/img","Content","HTML","","300x294","","0"
"Image","https://www.ipaenglish.com/vi/founders/","https://www.ipaenglish.com/wp-content/uploads/2025/08/DSC0052-graded-white-background-300x294.jpg","12443","","","200","OK","true","","","Absolute","//body/div[@id='wrapper']/div[@id='main']/div[@class='container']/div[1]/div/div[3]/div/div[2]/div/div/div[@class='e-link-in-bio__content']/div[@class='e-link-in-bio__identity']/div/img","Content","HTML","","300x294","","0"
"Image","https://www.ipaenglish.com/book-a-test/","https://www.ipaenglish.com/wp-content/uploads/2024/08/Image-12-Large-1279x852.jpeg","90596","","","200","OK","true","","","Absolute","//body/div[@id='wrapper']/div[@id='main']/div[@class='container']/div[1]/div/div[1]/div/div/div/img","Content","HTML","","1279x852","","0"
"Image","https://www.ipaenglish.com/vi/book-a-test/","https://www.ipaenglish.com/wp-content/uploads/2024/08/Image-12-Large-1279x852.jpeg","90596","","","200","OK","true","","","Absolute","//body/div[@id='wrapper']/div[@id='main']/div[@class='container']/div[1]/div/div[1]/div/div/div/img","Content","HTML","","1279x852","","0"
