"Address","Occurrences","Indexability","Indexability Status","Canonical Link Element 1","HTTP Canonical","Meta Robots 1","X-Robots-Tag 1","rel=""next"" 1","rel=""prev"" 1","HTTP rel=""next"" 1","HTTP rel=""prev"" 1"
"https://www.ipaenglish.com/","1","Indexable","","https://www.ipaenglish.com/","","max-image-preview:large","","","","",""
"https://www.ipaenglish.com/contact-us/","1","Indexable","","https://www.ipaenglish.com/contact-us/","","max-image-preview:large","","","","",""
"https://www.ipaenglish.com/communicative-english-for-adults/","1","Indexable","","https://www.ipaenglish.com/communicative-english-for-adults/","","max-image-preview:large","","","","",""
"https://www.ipaenglish.com/faq/","1","Indexable","","https://www.ipaenglish.com/faq/","","max-image-preview:large","","","","",""
"https://www.ipaenglish.com/book-a-test/","1","Indexable","","https://www.ipaenglish.com/book-a-test/","","max-image-preview:large","","","","",""
"https://www.ipaenglish.com/vi/","1","Indexable","","https://www.ipaenglish.com/vi/","","max-image-preview:large","","","","",""
"https://www.ipaenglish.com/learning-system/","1","Indexable","","https://www.ipaenglish.com/learning-system/","","max-image-preview:large","","","","",""
"https://www.ipaenglish.com/global-english-for-teen-achievers/","1","Indexable","","https://www.ipaenglish.com/global-english-for-teen-achievers/","","max-image-preview:large","","","","",""
"https://www.ipaenglish.com/founders/","1","Indexable","","https://www.ipaenglish.com/founders/","","max-image-preview:large","","","","",""
"https://www.ipaenglish.com/user-account/","1","Indexable","","https://www.ipaenglish.com/user-account/","","max-image-preview:large","","","","",""
"https://www.ipaenglish.com/testimonials/","1","Indexable","","https://www.ipaenglish.com/testimonials/","","max-image-preview:large","","","","",""
"https://www.ipaenglish.com/vi/book-a-test/","1","Indexable","","https://www.ipaenglish.com/vi/book-a-test/","","max-image-preview:large","","","","",""
"https://www.ipaenglish.com/vi/founders/","1","Indexable","","https://www.ipaenglish.com/vi/founders/","","max-image-preview:large","","","","",""
"https://www.ipaenglish.com/user-public-account/tony-evans/","1","Indexable","","https://www.ipaenglish.com/user-public-account/tony-evans/","","max-image-preview:large","","","","",""
"https://www.ipaenglish.com/courses/?terms%5B%5D=22&category%5B%5D=22","1","Non-Indexable","Canonicalised","https://www.ipaenglish.com/courses/","","max-image-preview:large","","","","",""
"https://www.ipaenglish.com/vi/testimonials/","1","Indexable","","https://www.ipaenglish.com/vi/testimonials/","","max-image-preview:large","","","","",""
"https://www.ipaenglish.com/vi/global-english-for-teen-achievers/","1","Indexable","","https://www.ipaenglish.com/vi/global-english-for-teen-achievers/","","max-image-preview:large","","","","",""
"https://www.ipaenglish.com/vi/learning-system/","1","Indexable","","https://www.ipaenglish.com/vi/learning-system/","","max-image-preview:large","","","","",""
"https://www.ipaenglish.com/vi/communicative-english-for-adults/","1","Indexable","","https://www.ipaenglish.com/vi/communicative-english-for-adults/","","max-image-preview:large","","","","",""
"https://www.ipaenglish.com/vi/user-account/","1","Indexable","","https://www.ipaenglish.com/vi/user-account/","","max-image-preview:large","","","","",""
"https://www.ipaenglish.com/vi/faq/","1","Indexable","","https://www.ipaenglish.com/vi/faq/","","max-image-preview:large","","","","",""
"https://www.ipaenglish.com/wp-content/uploads/2025/08/A2-Level-Course-Overview-ENG.pdf","0","Indexable","","","","","","","","",""
"https://www.ipaenglish.com/vi/contact-us/","1","Indexable","","https://www.ipaenglish.com/vi/contact-us/","","max-image-preview:large","","","","",""
"https://www.ipaenglish.com/wp-content/uploads/2025/08/Teacher-Tony.pdf","0","Indexable","","","","","","","","",""
"https://www.ipaenglish.com/vi/user-public-account/tony-evans/","1","Indexable","","https://www.ipaenglish.com/vi/user-public-account/tony-evans/","","max-image-preview:large","","","","",""
"https://www.ipaenglish.com/courses/","1","Indexable","","https://www.ipaenglish.com/courses/","","max-image-preview:large","","","","",""
"https://www.ipaenglish.com/vi/courses/?terms%5B%5D=22&category%5B%5D=22","1","Non-Indexable","Canonicalised","https://www.ipaenglish.com/vi/courses/","","max-image-preview:large","","","","",""
"https://www.ipaenglish.com/wp-content/uploads/2025/08/A2-Level-Course-Overview-VN.pdf","0","Indexable","","","","","","","","",""
"https://www.ipaenglish.com/vi/courses/","1","Indexable","","https://www.ipaenglish.com/vi/courses/","","max-image-preview:large","","","","",""
