"Address","Occurrences","Meta Robots 1","X-Robots-Tag 1","Meta Refresh 1","Canonical Link Element 1","HTTP Canonical","Indexability","Indexability Status"
"https://www.ipaenglish.com/","1","max-image-preview:large","","","https://www.ipaenglish.com/","","Indexable",""
"https://www.ipaenglish.com/wp-content/cache/autoptimize/js/autoptimize_single_d30bb49716552712cb78562fdfd7338d.js","0","","","","","","Indexable",""
"https://www.ipaenglish.com/wp-content/cache/autoptimize/css/autoptimize_single_21e2c998f5c39c54b362258c5cf16651.css","0","","","","","","Indexable",""
"https://www.ipaenglish.com/wp-content/plugins/add-to-any/addtoany.min.css","0","","","","","","Indexable",""
"https://www.ipaenglish.com/wp-content/plugins/translatepress-multilingual/assets/images/flags/vi.png","0","","","","","","Indexable",""
"https://www.ipaenglish.com/wp-content/cache/autoptimize/js/autoptimize_single_d07378601e26540ddaf277a2c066e22b.js","0","","","","","","Indexable",""
"https://www.ipaenglish.com/wp-content/cache/autoptimize/css/autoptimize_single_a4ac8820a9d8d8dbff3e59774107bd2b.css","0","","","","","","Indexable",""
"https://www.ipaenglish.com/wp-content/uploads/elementor/css/post-1218.css","0","","","","","","Indexable",""
"https://www.ipaenglish.com/wp-content/cache/autoptimize/css/autoptimize_single_8b90082ca0f323dcee9b58d81ae96829.css","0","","","","","","Indexable",""
"https://www.ipaenglish.com/wp-content/cache/autoptimize/js/autoptimize_single_9a9f588bba3eeb301de7690c346d445d.js","0","","","","","","Indexable",""
"https://www.ipaenglish.com/wp-content/cache/autoptimize/css/autoptimize_single_bdd28a33b3fee5ad3871c0c0573ac501.css","0","","","","","","Indexable",""
"https://www.ipaenglish.com/wp-content/plugins/elementor/assets/lib/font-awesome/css/all.min.css","0","","","","","","Indexable",""
"https://www.ipaenglish.com/wp-content/cache/autoptimize/js/autoptimize_single_8341b9b2e5b09a7f9cb7cef9dbaa7311.js","0","","","","","","Indexable",""
"https://www.ipaenglish.com/wp-content/plugins/elementor/assets/lib/font-awesome/js/v4-shims.min.js","0","","","","","","Indexable",""
"https://www.ipaenglish.com/wp-content/cache/autoptimize/js/autoptimize_single_5d28d3129a69c4137d6b987d718f8fe5.js","0","","","","","","Indexable",""
"https://www.ipaenglish.com/wp-content/cache/autoptimize/css/autoptimize_single_93b61a8cfa914e3c9fd081f6a3146373.css","0","","","","","","Indexable",""
"https://www.ipaenglish.com/wp-content/plugins/elementor/assets/js/webpack.runtime.min.js","0","","","","","","Indexable",""
"https://www.ipaenglish.com/wp-includes/js/dist/i18n.min.js","0","","","","","","Indexable",""
"https://www.ipaenglish.com/wp-content/themes/masterstudy/assets/vendors/jquery.fancybox.min.js","0","","","","","","Indexable",""
"https://www.ipaenglish.com/wp-content/cache/autoptimize/css/autoptimize_single_b2b463a5bdb73833be2a6afbc1843ddd.css","0","","","","","","Indexable",""
"https://www.ipaenglish.com/wp-content/plugins/elementor/assets/js/frontend-modules.min.js","0","","","","","","Indexable",""
"https://www.ipaenglish.com/wp-content/plugins/masterstudy-lms-learning-management-system/_core/assets/vendors/swiper-bundle.min.js","0","","","","","","Indexable",""
"https://www.ipaenglish.com/wp-content/cache/autoptimize/css/autoptimize_single_766e46f8ceadf449552f0100bae0bc3d.css","0","","","","","","Indexable",""
"https://www.ipaenglish.com/wp-content/cache/autoptimize/css/autoptimize_single_372197f207256fa4cfced2ee1cb904b5.css","0","","","","","","Indexable",""
"https://www.ipaenglish.com/wp-content/themes/masterstudy/assets/css/select2.min.css","0","","","","","","Indexable",""
"https://www.ipaenglish.com/wp-content/cache/autoptimize/css/autoptimize_single_76f875a482db594e2b2c2f29e1646b82.css","0","","","","","","Indexable",""
"https://www.ipaenglish.com/wp-includes/js/dist/vendor/wp-polyfill.min.js","0","","","","","","Indexable",""
"https://www.ipaenglish.com/wp-content/cache/autoptimize/css/autoptimize_single_f67fcd585ec2a53359e3e2ad79861a76.css","0","","","","","","Indexable",""
"https://www.ipaenglish.com/wp-content/cache/autoptimize/css/autoptimize_single_ae0ae79abcc573414239614349c125f9.css","0","","","","","","Indexable",""
"https://www.ipaenglish.com/wp-content/plugins/revslider/sr6/assets/assets/dummy.png","0","","","","","","Indexable",""
"https://www.ipaenglish.com/wp-content/cache/autoptimize/css/autoptimize_single_b8558e5fa075bc663d080611c9759507.css","0","","","","","","Indexable",""
"https://www.ipaenglish.com/wp-content/uploads/2025/08/IPA-English-1024x536.jpg","0","","","","","","Indexable",""
"https://www.ipaenglish.com/wp-content/uploads/elementor/css/post-12197.css","0","","","","","","Indexable",""
"https://www.ipaenglish.com/wp-content/uploads/2024/08/36AA30E1-0DC1-4CC5-836E-1A10FE7F747B-e1723601218764.png","0","","","","","","Indexable",""
"https://www.ipaenglish.com/wp-content/plugins/elementor/assets/lib/font-awesome/css/v4-shims.min.css","0","","","","","","Indexable",""
"https://www.ipaenglish.com/wp-content/plugins/elementor/assets/css/widget-heading.min.css","0","","","","","","Indexable",""
"https://www.ipaenglish.com/wp-content/cache/autoptimize/css/autoptimize_single_67553fd756dfb8cec1cb301b4f3fee57.css","0","","","","","","Indexable",""
"https://www.ipaenglish.com/wp-content/plugins/masterstudy-lms-learning-management-system/_core/assets/vendors/bootstrap.min.js","0","","","","","","Indexable",""
"https://www.ipaenglish.com/wp-content/cache/autoptimize/css/autoptimize_single_066b28d73787333323afae12198e1065.css","0","","","","","","Indexable",""
"https://www.ipaenglish.com/wp-content/themes/masterstudy/assets/js/select2.full.min.js","0","","","","","","Indexable",""
"https://www.ipaenglish.com/wp-content/plugins/elementor/assets/css/widget-icon-box.min.css","0","","","","","","Indexable",""
"https://www.ipaenglish.com/wp-content/cache/autoptimize/js/autoptimize_single_2912c657d0592cc532dff73d0d2ce7bb.js","0","","","","","","Indexable",""
"https://www.ipaenglish.com/wp-content/cache/autoptimize/css/autoptimize_single_6f2c8251e298cfde574023e02aff54c3.css","0","","","","","","Indexable",""
"https://www.ipaenglish.com/contact-us/","1","max-image-preview:large","","","https://www.ipaenglish.com/contact-us/","","Indexable",""
"https://www.ipaenglish.com/wp-content/plugins/translatepress-multilingual/assets/images/flags/en_US.png","0","","","","","","Indexable",""
"https://www.ipaenglish.com/wp-content/cache/autoptimize/css/autoptimize_single_5009e33a0cf7c399060aa21a08b920e9.css","0","","","","","","Indexable",""
"https://www.ipaenglish.com/wp-content/plugins/add-to-any/addtoany.min.js","0","","","","","","Indexable",""
"https://www.ipaenglish.com/wp-content/cache/autoptimize/js/autoptimize_single_96e7dc3f0e8559e4a3f3ca40b17ab9c3.js","0","","","","","","Indexable",""
"https://www.ipaenglish.com/wp-content/cache/autoptimize/css/autoptimize_single_6922a6d4230a7d2e6bfcf72dca0be6d3.css","0","","","","","","Indexable",""
"https://www.ipaenglish.com/wp-content/plugins/stm-post-type/theme/assets/lazysizes.min.js","0","","","","","","Indexable",""
"https://www.ipaenglish.com/wp-content/plugins/elementor/assets/js/frontend.min.js","0","","","","","","Indexable",""
"https://www.ipaenglish.com/wp-content/plugins/masterstudy-lms-learning-management-system/_core/assets/vendors/video-js.min.css","0","","","","","","Indexable",""
"https://www.ipaenglish.com/wp-content/plugins/elementor/assets/css/widget-social-icons.min.css","0","","","","","","Indexable",""
"https://www.ipaenglish.com/communicative-english-for-adults/","1","max-image-preview:large","","","https://www.ipaenglish.com/communicative-english-for-adults/","","Indexable",""
"https://www.ipaenglish.com/wp-content/cache/autoptimize/css/autoptimize_single_8d37441d69ebc9b55dff2c7c214ef997.css","0","","","","","","Indexable",""
"https://www.ipaenglish.com/faq/","1","max-image-preview:large","","","https://www.ipaenglish.com/faq/","","Indexable",""
"https://www.ipaenglish.com/wp-content/plugins/masterstudy-lms-learning-management-system/_core/assets/vendors/swiper-bundle.min.css","0","","","","","","Indexable",""
"https://www.ipaenglish.com/wp-content/plugins/elementor/assets/lib/eicons/css/elementor-icons.min.css","0","","","","","","Indexable",""
"https://www.ipaenglish.com/wp-content/cache/autoptimize/js/autoptimize_single_77c95b75b3d87162765f4647594b258e.js","0","","","","","","Indexable",""
"https://www.ipaenglish.com/wp-includes/js/jquery/jquery-migrate.min.js","0","","","","","","Indexable",""
"https://www.ipaenglish.com/book-a-test/","1","max-image-preview:large","","","https://www.ipaenglish.com/book-a-test/","","Indexable",""
"https://www.ipaenglish.com/wp-content/cache/autoptimize/js/autoptimize_single_cfda9e4b288ad90650d1393aa50efa81.js","0","","","","","","Indexable",""
"https://www.ipaenglish.com/wp-content/uploads/stm_lms_styles/custom_styles.css","0","","","","","","Indexable",""
"https://www.ipaenglish.com/wp-content/cache/autoptimize/css/autoptimize_single_aae648ec410260f859ac89e58a8372c1.css","0","","","","","","Indexable",""
"https://www.ipaenglish.com/wp-content/plugins/elementor/assets/css/widget-icon-list.min.css","0","","","","","","Indexable",""
"https://www.ipaenglish.com/wp-content/plugins/revslider/sr6/assets/js/rs6.min.js","0","","","","","","Indexable",""
"https://www.ipaenglish.com/vi/","1","max-image-preview:large","","","https://www.ipaenglish.com/vi/","","Indexable",""
"https://www.ipaenglish.com/wp-content/cache/autoptimize/css/autoptimize_single_15a8bb56258ccd1c08e26f3cc6d1d722.css","0","","","","","","Indexable",""
"https://www.ipaenglish.com/wp-content/plugins/masterstudy-lms-learning-management-system/_core/assets/vendors/bootstrap.min.css","0","","","","","","Indexable",""
"https://www.ipaenglish.com/learning-system/","1","max-image-preview:large","","","https://www.ipaenglish.com/learning-system/","","Indexable",""
"https://www.ipaenglish.com/wp-content/cache/autoptimize/css/autoptimize_single_c770e632cb2e03964a4ca99051546596.css","0","","","","","","Indexable",""
"https://www.ipaenglish.com/global-english-for-teen-achievers/","1","max-image-preview:large","","","https://www.ipaenglish.com/global-english-for-teen-achievers/","","Indexable",""
"https://www.ipaenglish.com/wp-content/plugins/elementor/assets/css/frontend.min.css","0","","","","","","Indexable",""
"https://www.ipaenglish.com/wp-content/cache/autoptimize/js/autoptimize_single_f5bda78be48315b7d7656db62fdc1e9c.js","0","","","","","","Indexable",""
"https://www.ipaenglish.com/wp-content/cache/autoptimize/css/autoptimize_single_65357c71cbe8092f7e0a2b297225d73b.css","0","","","","","","Indexable",""
"https://www.ipaenglish.com/wp-content/cache/autoptimize/js/autoptimize_single_12a5f55067f825f76e4406e63186ad56.js","0","","","","","","Indexable",""
"https://www.ipaenglish.com/wp-includes/js/jquery/ui/core.min.js","0","","","","","","Indexable",""
"https://www.ipaenglish.com/wp-content/cache/autoptimize/js/autoptimize_single_23319b8c0e310fdc1da61d638004e0fb.js","0","","","","","","Indexable",""
"https://www.ipaenglish.com/wp-content/plugins/revslider/sr6/assets/js/rbtools.min.js","0","","","","","","Indexable",""
"https://www.ipaenglish.com/wp-content/themes/masterstudy/assets/vendors/jquery.fancybox.min.css","0","","","","","","Indexable",""
"https://www.ipaenglish.com/wp-content/cache/autoptimize/css/autoptimize_single_1f1c6abbb54c6d189b7263e0861fae8a.css","0","","","","","","Indexable",""
"https://www.ipaenglish.com/wp-content/cache/autoptimize/js/autoptimize_single_1c041fb88c055a3f5f7edb48d19878fe.js","0","","","","","","Indexable",""
"https://www.ipaenglish.com/wp-includes/js/dist/hooks.min.js","0","","","","","","Indexable",""
"https://www.ipaenglish.com/wp-content/cache/autoptimize/css/autoptimize_single_1ff8f6b91b77873bd30947ddf9382ea4.css","0","","","","","","Indexable",""
"https://www.ipaenglish.com/wp-content/cache/autoptimize/js/autoptimize_single_ec0187677793456f98473f49d9e9b95f.js","0","","","","","","Indexable",""
"https://www.ipaenglish.com/wp-content/cache/autoptimize/css/autoptimize_single_993387aae0b00dd250f8c6bacb602bb4.css","0","","","","","","Indexable",""
"https://www.ipaenglish.com/founders/","1","max-image-preview:large","","","https://www.ipaenglish.com/founders/","","Indexable",""
"https://www.ipaenglish.com/wp-content/plugins/masterstudy-lms-learning-management-system/_core/libraries/nuxy/metaboxes/assets/vendors/font-awesome.min.css","0","","","","","","Indexable",""
"https://www.ipaenglish.com/user-account/","1","max-image-preview:large","","","https://www.ipaenglish.com/user-account/","","Indexable",""
"https://www.ipaenglish.com/wp-content/cache/autoptimize/css/autoptimize_single_b7983765bc28a9f78965591eb5eeea35.css","0","","","","","","Indexable",""
"https://www.ipaenglish.com/wp-includes/js/jquery/jquery.min.js","0","","","","","","Indexable",""
"https://www.ipaenglish.com/wp-content/plugins/elementor/assets/css/widget-spacer.min.css","0","","","","","","Indexable",""
"https://www.ipaenglish.com/wp-content/cache/autoptimize/js/autoptimize_single_480249222b180b4823e5cd2d8a4c467f.js","0","","","","","","Indexable",""
"https://www.ipaenglish.com/wp-content/cache/autoptimize/css/autoptimize_single_a5bf64d5859ee94a3e8e93d592d6d2a0.css","0","","","","","","Indexable",""
"https://www.ipaenglish.com/wp-content/plugins/elementor/assets/lib/animations/styles/e-animation-pulse-grow.min.css","0","","","","","","Indexable",""
"https://www.ipaenglish.com/testimonials/","1","max-image-preview:large","","","https://www.ipaenglish.com/testimonials/","","Indexable",""
"https://www.ipaenglish.com/wp-content/cache/autoptimize/js/autoptimize_single_a567935519d487508e7f28a6fa40bab2.js","0","","","","","","Indexable",""
"https://www.ipaenglish.com/wp-content/uploads/2024/08/Tony-Profile-Picture-e1723626782498.png","0","","","","","","Indexable",""
"https://www.ipaenglish.com/wp-content/uploads/elementor/css/post-12283.css","0","","","","","","Indexable",""
"https://www.ipaenglish.com/vi/book-a-test/","1","max-image-preview:large","","","https://www.ipaenglish.com/vi/book-a-test/","","Indexable",""
"https://www.ipaenglish.com/wp-content/uploads/2024/08/7.-Learning-System-Infographic-version-1-410x1024.png","0","","","","","","Indexable",""
"https://www.ipaenglish.com/vi/founders/","1","max-image-preview:large","","","https://www.ipaenglish.com/vi/founders/","","Indexable",""
"https://www.ipaenglish.com/user-public-account/tony-evans/","1","max-image-preview:large","","","https://www.ipaenglish.com/user-public-account/tony-evans/","","Indexable",""
"https://www.ipaenglish.com/courses/?terms%5B%5D=22&category%5B%5D=22","1","max-image-preview:large","","","https://www.ipaenglish.com/courses/","","Non-Indexable","Canonicalised"
"https://www.ipaenglish.com/wp-content/uploads/elementor/css/post-12791.css","0","","","","","","Indexable",""
"https://www.ipaenglish.com/wp-content/uploads/2024/08/IPA-student-Large-1279x852.jpeg","0","","","","","","Indexable",""
"https://www.ipaenglish.com/wp-content/uploads/elementor/css/post-413.css","0","","","","","","Indexable",""
"https://www.ipaenglish.com/wp-content/uploads/2024/08/Image-8-Large-1-1024x768.jpeg","0","","","","","","Indexable",""
"https://www.ipaenglish.com/wp-content/plugins/elementor/assets/css/widget-link-in-bio-base.min.css","0","","","","","","Indexable",""
"https://www.ipaenglish.com/wp-content/plugins/elementor/assets/css/widget-google_maps.min.css","0","","","","","","Indexable",""
"https://www.ipaenglish.com/wp-content/cache/autoptimize/js/autoptimize_single_18afd00c239788089f92d44d9b200d4e.js","0","","","","","","Indexable",""
"https://www.ipaenglish.com/vi/testimonials/","1","max-image-preview:large","","","https://www.ipaenglish.com/vi/testimonials/","","Indexable",""
"https://www.ipaenglish.com/wp-content/cache/autoptimize/js/autoptimize_single_1acd24c529cfb32079e5b8dd0090d937.js","0","","","","","","Indexable",""
"https://www.ipaenglish.com/vi/global-english-for-teen-achievers/","1","max-image-preview:large","","","https://www.ipaenglish.com/vi/global-english-for-teen-achievers/","","Indexable",""
"https://www.ipaenglish.com/wp-content/uploads/2024/08/Kristin-300x300.png","0","","","","","","Indexable",""
"https://www.ipaenglish.com/vi/learning-system/","1","max-image-preview:large","","","https://www.ipaenglish.com/vi/learning-system/","","Indexable",""
"https://www.ipaenglish.com/wp-content/uploads/2025/08/course-icon-5.png","0","","","","","","Indexable",""
"https://www.ipaenglish.com/wp-content/uploads/2024/08/tony-kris-1024x768.jpeg","0","","","","","","Indexable",""
"https://www.ipaenglish.com/wp-content/uploads/2024/08/Teacher-Training-2JPG-1024x683.jpg","0","","","","","","Indexable",""
"https://www.ipaenglish.com/wp-content/uploads/2025/08/DSC0052-graded-white-background-300x294.jpg","0","","","","","","Indexable",""
"https://www.ipaenglish.com/wp-content/plugins/elementor/assets/css/widget-image.min.css","0","","","","","","Indexable",""
"https://www.ipaenglish.com/wp-content/uploads/2024/08/Image-12-Large-1279x852.jpeg","0","","","","","","Indexable",""
"https://www.ipaenglish.com/vi/communicative-english-for-adults/","1","max-image-preview:large","","","https://www.ipaenglish.com/vi/communicative-english-for-adults/","","Indexable",""
"https://www.ipaenglish.com/wp-content/uploads/elementor/css/post-12280.css","0","","","","","","Indexable",""
"https://www.ipaenglish.com/wp-content/uploads/elementor/css/post-392.css","0","","","","","","Indexable",""
"https://www.ipaenglish.com/vi/user-account/","1","max-image-preview:large","","","https://www.ipaenglish.com/vi/user-account/","","Indexable",""
"https://www.ipaenglish.com/wp-content/uploads/elementor/css/post-12440.css","0","","","","","","Indexable",""
"https://www.ipaenglish.com/wp-content/uploads/elementor/css/post-12563.css","0","","","","","","Indexable",""
"https://www.ipaenglish.com/wp-content/plugins/pdf-embedder/assets/js/pdfjs/pdf.min.js","0","","","","","","Indexable",""
"https://www.ipaenglish.com/vi/faq/","1","max-image-preview:large","","","https://www.ipaenglish.com/vi/faq/","","Indexable",""
"https://www.ipaenglish.com/wp-content/cache/autoptimize/js/autoptimize_single_09a82be84a3192aa9fac50c109b2d430.js","0","","","","","","Indexable",""
"https://www.ipaenglish.com/wp-content/cache/autoptimize/js/autoptimize_single_dd55bbfff9a5ad09806fd5f95e1bc217.js","0","","","","","","Indexable",""
"https://www.ipaenglish.com/wp-content/uploads/2025/08/A2-Level-Course-Overview-ENG.pdf","0","","","","","","Indexable",""
"https://www.ipaenglish.com/vi/contact-us/","1","max-image-preview:large","","","https://www.ipaenglish.com/vi/contact-us/","","Indexable",""
"https://www.ipaenglish.com/wp-content/plugins/pdf-embedder/assets/js/pdfemb.min.js","0","","","","","","Indexable",""
"https://www.ipaenglish.com/wp-content/cache/autoptimize/js/autoptimize_single_0ec48edcbd1bef0b6a410f5f41804518.js","0","","","","","","Indexable",""
"https://www.ipaenglish.com/wp-content/uploads/2025/08/Teacher-Tony.pdf","0","","","","","","Indexable",""
"https://www.ipaenglish.com/vi/user-public-account/tony-evans/","1","max-image-preview:large","","","https://www.ipaenglish.com/vi/user-public-account/tony-evans/","","Indexable",""
"https://www.ipaenglish.com/courses/","1","max-image-preview:large","","","https://www.ipaenglish.com/courses/","","Indexable",""
"https://www.ipaenglish.com/vi/courses/?terms%5B%5D=22&category%5B%5D=22","1","max-image-preview:large","","","https://www.ipaenglish.com/vi/courses/","","Non-Indexable","Canonicalised"
"https://www.ipaenglish.com/wp-content/uploads/2025/08/A2-Level-Course-Overview-VN.pdf","0","","","","","","Indexable",""
"https://www.ipaenglish.com/vi/courses/","1","max-image-preview:large","","","https://www.ipaenglish.com/vi/courses/","","Indexable",""
