"Address","Occurrences","H1-1","H1-1 Length","H1-2","H1-2 Length","Indexability","Indexability Status"
"https://www.ipaenglish.com/","1","IPA English Academy","19","","0","Indexable",""
"https://www.ipaenglish.com/contact-us/","0","","0","","0","Indexable",""
"https://www.ipaenglish.com/communicative-english-for-adults/","0","","0","","0","Indexable",""
"https://www.ipaenglish.com/faq/","0","","0","","0","Indexable",""
"https://www.ipaenglish.com/book-a-test/","0","","0","","0","Indexable",""
"https://www.ipaenglish.com/vi/","1","Học Viện Anh Ngữ IPA","20","","0","Indexable",""
"https://www.ipaenglish.com/learning-system/","0","","0","","0","Indexable",""
"https://www.ipaenglish.com/global-english-for-teen-achievers/","0","","0","","0","Indexable",""
"https://www.ipaenglish.com/founders/","2","Kristin Thảo Lê-Evans","21","Tony Evans","10","Indexable",""
"https://www.ipaenglish.com/user-account/","0","","0","","0","Indexable",""
"https://www.ipaenglish.com/testimonials/","0","","0","","0","Indexable",""
"https://www.ipaenglish.com/vi/book-a-test/","0","","0","","0","Indexable",""
"https://www.ipaenglish.com/vi/founders/","2","Kristin Thảo Lê-Evans","21","Tony Evans","10","Indexable",""
"https://www.ipaenglish.com/user-public-account/tony-evans/","0","","0","","0","Indexable",""
"https://www.ipaenglish.com/courses/?terms%5B%5D=22&category%5B%5D=22","1","Courses","7","","0","Non-Indexable","Canonicalised"
"https://www.ipaenglish.com/vi/testimonials/","0","","0","","0","Indexable",""
"https://www.ipaenglish.com/vi/global-english-for-teen-achievers/","0","","0","","0","Indexable",""
"https://www.ipaenglish.com/vi/learning-system/","0","","0","","0","Indexable",""
"https://www.ipaenglish.com/vi/communicative-english-for-adults/","0","","0","","0","Indexable",""
"https://www.ipaenglish.com/vi/user-account/","0","","0","","0","Indexable",""
"https://www.ipaenglish.com/vi/faq/","0","","0","","0","Indexable",""
"https://www.ipaenglish.com/vi/contact-us/","0","","0","","0","Indexable",""
"https://www.ipaenglish.com/vi/user-public-account/tony-evans/","0","","0","","0","Indexable",""
"https://www.ipaenglish.com/courses/","1","Courses","7","","0","Indexable",""
"https://www.ipaenglish.com/vi/courses/?terms%5B%5D=22&category%5B%5D=22","1","Courses","7","","0","Non-Indexable","Canonicalised"
"https://www.ipaenglish.com/vi/courses/","1","Courses","7","","0","Indexable",""
