"Address","Content Type","Size (Bytes)","IMG Inlinks","Indexability","Indexability Status","Dimensions"
"https://www.ipaenglish.com/wp-content/plugins/translatepress-multilingual/assets/images/flags/vi.png","image/png","454","52","Indexable","",""
"https://www.ipaenglish.com/wp-content/plugins/revslider/sr6/assets/assets/dummy.png","image/png","68","2","Indexable","",""
"https://www.ipaenglish.com/wp-content/uploads/2025/08/IPA-English-1024x536.jpg","image/jpeg","89034","26","Indexable","",""
"https://www.ipaenglish.com/wp-content/uploads/2024/08/36AA30E1-0DC1-4CC5-836E-1A10FE7F747B-e1723601218764.png","image/png","44315","26","Indexable","",""
"https://www.ipaenglish.com/wp-content/plugins/translatepress-multilingual/assets/images/flags/en_US.png","image/png","502","52","Indexable","",""
"https://www.ipaenglish.com/wp-content/uploads/2024/08/Tony-Profile-Picture-e1723626782498.png","image/png","91782","4","Indexable","",""
"https://www.ipaenglish.com/wp-content/uploads/2024/08/7.-Learning-System-Infographic-version-1-410x1024.png","image/png","229435","2","Indexable","",""
"https://www.ipaenglish.com/wp-content/uploads/2024/08/IPA-student-Large-1279x852.jpeg","image/jpeg","69524","2","Indexable","",""
"https://www.ipaenglish.com/wp-content/uploads/2024/08/Image-8-Large-1-1024x768.jpeg","image/jpeg","93838","2","Indexable","",""
"https://www.ipaenglish.com/wp-content/uploads/2024/08/Kristin-300x300.png","image/png","80693","2","Indexable","",""
"https://www.ipaenglish.com/wp-content/uploads/2025/08/course-icon-5.png","image/png","17987","2","Indexable","",""
"https://www.ipaenglish.com/wp-content/uploads/2024/08/tony-kris-1024x768.jpeg","image/jpeg","99100","2","Indexable","",""
"https://www.ipaenglish.com/wp-content/uploads/2024/08/Teacher-Training-2JPG-1024x683.jpg","image/jpeg","111735","2","Indexable","",""
"https://www.ipaenglish.com/wp-content/uploads/2025/08/DSC0052-graded-white-background-300x294.jpg","image/jpeg","12443","2","Indexable","",""
"https://www.ipaenglish.com/wp-content/uploads/2024/08/Image-12-Large-1279x852.jpeg","image/jpeg","90596","2","Indexable","",""
