"Address","Occurrences","Title 1","Title 1 Length","Title 1 Pixel Width","Indexability","Indexability Status"
"https://www.ipaenglish.com/","1","IPA English – Study English in Hưng Yên","39","355","Indexable",""
"https://www.ipaenglish.com/contact-us/","1","Contact Us – IPA English","24","221","Indexable",""
"https://www.ipaenglish.com/communicative-english-for-adults/","1","Communicative English for Adults – IPA English","46","425","Indexable",""
"https://www.ipaenglish.com/faq/","1","FAQ – IPA English","17","161","Indexable",""
"https://www.ipaenglish.com/book-a-test/","1","Book a Test – IPA English","25","228","Indexable",""
"https://www.ipaenglish.com/vi/","1","IPA English – Study English in Hưng Yên","39","355","Indexable",""
"https://www.ipaenglish.com/learning-system/","1","Learning System – IPA English","29","273","Indexable",""
"https://www.ipaenglish.com/global-english-for-teen-achievers/","1","Global English for Teen Achievers – IPA English","47","422","Indexable",""
"https://www.ipaenglish.com/founders/","1","Founders – IPA English","22","206","Indexable",""
"https://www.ipaenglish.com/user-account/","1","User Account – IPA English","26","242","Indexable",""
"https://www.ipaenglish.com/testimonials/","1","Testimonials – IPA English","26","239","Indexable",""
"https://www.ipaenglish.com/vi/book-a-test/","1","Book a Test – IPA English","25","228","Indexable",""
"https://www.ipaenglish.com/vi/founders/","1","Founders – IPA English","22","206","Indexable",""
"https://www.ipaenglish.com/user-public-account/tony-evans/","1","Tony Evans – IPA English","24","224","Indexable",""
"https://www.ipaenglish.com/courses/?terms%5B%5D=22&category%5B%5D=22","1","Courses – IPA English","21","196","Non-Indexable","Canonicalised"
"https://www.ipaenglish.com/vi/testimonials/","1","Testimonials – IPA English","26","239","Indexable",""
"https://www.ipaenglish.com/vi/global-english-for-teen-achievers/","1","Global English for Teen Achievers – IPA English","47","422","Indexable",""
"https://www.ipaenglish.com/vi/learning-system/","1","Learning System – IPA English","29","273","Indexable",""
"https://www.ipaenglish.com/vi/communicative-english-for-adults/","1","Communicative English for Adults – IPA English","46","425","Indexable",""
"https://www.ipaenglish.com/vi/user-account/","1","User Account – IPA English","26","242","Indexable",""
"https://www.ipaenglish.com/vi/faq/","1","FAQ – IPA English","17","161","Indexable",""
"https://www.ipaenglish.com/vi/contact-us/","1","Contact Us – IPA English","24","221","Indexable",""
"https://www.ipaenglish.com/vi/user-public-account/tony-evans/","1","Tony Evans – IPA English","24","224","Indexable",""
"https://www.ipaenglish.com/courses/","1","Courses – IPA English","21","196","Indexable",""
"https://www.ipaenglish.com/vi/courses/?terms%5B%5D=22&category%5B%5D=22","1","Courses – IPA English","21","196","Non-Indexable","Canonicalised"
"https://www.ipaenglish.com/vi/courses/","1","Courses – IPA English","21","196","Indexable",""
