"Type","Source","Destination","Size (Bytes)","Alt Text","Anchor","Status Code","Status","Crawlability","Follow","Target","Rel","Path Type","Link Path","Link Position","Link Origin"
"Hyperlink","https://www.ipaenglish.com/","https://m.me/IPAEnglish.Ecopark","0","","","302","Found","Crawlable","true","_blank","noopener noreferrer","Absolute","//body/a[1]","Content","HTML"
"Hyperlink","https://www.ipaenglish.com/contact-us/","https://m.me/IPAEnglish.Ecopark","0","","","302","Found","Crawlable","true","_blank","noopener noreferrer","Absolute","//body/a[1]","Content","HTML"
"Hyperlink","https://www.ipaenglish.com/communicative-english-for-adults/","https://m.me/IPAEnglish.Ecopark","0","","","302","Found","Crawlable","true","_blank","noopener noreferrer","Absolute","//body/a[1]","Content","HTML"
"Hyperlink","https://www.ipaenglish.com/faq/","https://m.me/IPAEnglish.Ecopark","0","","","302","Found","Crawlable","true","_blank","noopener noreferrer","Absolute","//body/a[1]","Content","HTML"
"Hyperlink","https://www.ipaenglish.com/book-a-test/","https://m.me/IPAEnglish.Ecopark","0","","","302","Found","Crawlable","true","_blank","noopener noreferrer","Absolute","//body/a[1]","Content","HTML"
"Hyperlink","https://www.ipaenglish.com/vi/","https://m.me/IPAEnglish.Ecopark","0","","","302","Found","Crawlable","true","_blank","noopener noreferrer","Absolute","//body/a[1]","Content","HTML"
"Hyperlink","https://www.ipaenglish.com/global-english-for-teen-achievers/","https://m.me/IPAEnglish.Ecopark","0","","","302","Found","Crawlable","true","_blank","noopener noreferrer","Absolute","//body/a[1]","Content","HTML"
"Hyperlink","https://www.ipaenglish.com/learning-system/","https://m.me/IPAEnglish.Ecopark","0","","","302","Found","Crawlable","true","_blank","noopener noreferrer","Absolute","//body/a[1]","Content","HTML"
"Hyperlink","https://www.ipaenglish.com/founders/","https://m.me/IPAEnglish.Ecopark","0","","","302","Found","Crawlable","true","_blank","noopener noreferrer","Absolute","//body/a[1]","Content","HTML"
"Hyperlink","https://www.ipaenglish.com/user-account/","https://m.me/IPAEnglish.Ecopark","0","","","302","Found","Crawlable","true","_blank","noopener noreferrer","Absolute","//body/a[1]","Content","HTML"
"Hyperlink","https://www.ipaenglish.com/testimonials/","https://m.me/IPAEnglish.Ecopark","0","","","302","Found","Crawlable","true","_blank","noopener noreferrer","Absolute","//body/a[1]","Content","HTML"
"Hyperlink","https://www.ipaenglish.com/user-public-account/tony-evans/","https://m.me/IPAEnglish.Ecopark","0","","","302","Found","Crawlable","true","_blank","noopener noreferrer","Absolute","//body/a[1]","Content","HTML"
"Hyperlink","https://www.ipaenglish.com/vi/founders/","https://m.me/IPAEnglish.Ecopark","0","","","302","Found","Crawlable","true","_blank","noopener noreferrer","Absolute","//body/a[1]","Content","HTML"
"Hyperlink","https://www.ipaenglish.com/vi/book-a-test/","https://m.me/IPAEnglish.Ecopark","0","","","302","Found","Crawlable","true","_blank","noopener noreferrer","Absolute","//body/a[1]","Content","HTML"
"Hyperlink","https://www.ipaenglish.com/courses/?terms%5B%5D=22&category%5B%5D=22","https://m.me/IPAEnglish.Ecopark","0","","","302","Found","Crawlable","true","_blank","noopener noreferrer","Absolute","//body/a[1]","Content","HTML"
"Hyperlink","https://www.ipaenglish.com/vi/learning-system/","https://m.me/IPAEnglish.Ecopark","0","","","302","Found","Crawlable","true","_blank","noopener noreferrer","Absolute","//body/a[1]","Content","HTML"
"Hyperlink","https://www.ipaenglish.com/vi/global-english-for-teen-achievers/","https://m.me/IPAEnglish.Ecopark","0","","","302","Found","Crawlable","true","_blank","noopener noreferrer","Absolute","//body/a[1]","Content","HTML"
"Hyperlink","https://www.ipaenglish.com/vi/testimonials/","https://m.me/IPAEnglish.Ecopark","0","","","302","Found","Crawlable","true","_blank","noopener noreferrer","Absolute","//body/a[1]","Content","HTML"
"Hyperlink","https://www.ipaenglish.com/vi/communicative-english-for-adults/","https://m.me/IPAEnglish.Ecopark","0","","","302","Found","Crawlable","true","_blank","noopener noreferrer","Absolute","//body/a[1]","Content","HTML"
"Hyperlink","https://www.ipaenglish.com/vi/user-account/","https://m.me/IPAEnglish.Ecopark","0","","","302","Found","Crawlable","true","_blank","noopener noreferrer","Absolute","//body/a[1]","Content","HTML"
"Hyperlink","https://www.ipaenglish.com/vi/faq/","https://m.me/IPAEnglish.Ecopark","0","","","302","Found","Crawlable","true","_blank","noopener noreferrer","Absolute","//body/a[1]","Content","HTML"
"Hyperlink","https://www.ipaenglish.com/vi/contact-us/","https://m.me/IPAEnglish.Ecopark","0","","","302","Found","Crawlable","true","_blank","noopener noreferrer","Absolute","//body/a[1]","Content","HTML"
"Hyperlink","https://www.ipaenglish.com/vi/user-public-account/tony-evans/","https://m.me/IPAEnglish.Ecopark","0","","","302","Found","Crawlable","true","_blank","noopener noreferrer","Absolute","//body/a[1]","Content","HTML"
"Hyperlink","https://www.ipaenglish.com/courses/","https://m.me/IPAEnglish.Ecopark","0","","","302","Found","Crawlable","true","_blank","noopener noreferrer","Absolute","//body/a[1]","Content","HTML"
"Hyperlink","https://www.ipaenglish.com/vi/courses/?terms%5B%5D=22&category%5B%5D=22","https://m.me/IPAEnglish.Ecopark","0","","","302","Found","Crawlable","true","_blank","noopener noreferrer","Absolute","//body/a[1]","Content","HTML"
"Hyperlink","https://www.ipaenglish.com/vi/courses/","https://m.me/IPAEnglish.Ecopark","0","","","302","Found","Crawlable","true","_blank","noopener noreferrer","Absolute","//body/a[1]","Content","HTML"
"Iframe","https://www.ipaenglish.com/contact-us/","https://maps.google.com/maps?q=IPA%20English%20Academy%2C%20Nhà%20số%20THU-35A%20khu%20nhà%2C%20phố%20Thủy%20Nguyên%2C%20Khu%20đô%20thị%20Ecopark%2C%20Văn%20Giang%2C%20Hưng%20Yên%2010000%2C%20Việt%20Nam&t=m&z=20&output=embed&iwloc=near","0","","","301","Moved Permanently","Crawlable","true","","","Absolute","//body/div[@id='wrapper']/div[@id='main']/div[@class='container']/div[1]/div/section/div/div[2]/div/div[2]/div/div/iframe","Content","HTML"
"Iframe","https://www.ipaenglish.com/vi/contact-us/","https://maps.google.com/maps?q=IPA%20English%20Academy%2C%20Nhà%20số%20THU-35A%20khu%20nhà%2C%20phố%20Thủy%20Nguyên%2C%20Khu%20đô%20thị%20Ecopark%2C%20Văn%20Giang%2C%20Hưng%20Yên%2010000%2C%20Việt%20Nam&t=m&z=20&output=embed&iwloc=near","0","","","301","Moved Permanently","Crawlable","true","","","Absolute","//body/div[@id='wrapper']/div[@id='main']/div[@class='container']/div[1]/div/section/div/div[2]/div/div[2]/div/div/iframe","Content","HTML"
