"Address","Content Type","Status Code","Status","Indexability","Indexability Status","Inlinks","Response Time","Redirect URL","Redirect Type"
"https://www.ipaenglish.com/","text/html; charset=UTF-8","200","OK","Indexable","","68","0.648","",""
"https://www.ipaenglish.com/wp-content/cache/autoptimize/js/autoptimize_single_d30bb49716552712cb78562fdfd7338d.js","text/javascript; charset=utf-8","200","OK","Indexable","","0","0.022","",""
"https://www.ipaenglish.com/wp-content/cache/autoptimize/css/autoptimize_single_21e2c998f5c39c54b362258c5cf16651.css","text/css; charset=utf-8","200","OK","Indexable","","0","0.062","",""
"https://www.ipaenglish.com/wp-content/plugins/add-to-any/addtoany.min.css","text/css; charset=utf-8","200","OK","Indexable","","0","0.063","",""
"https://www.ipaenglish.com/wp-content/plugins/translatepress-multilingual/assets/images/flags/vi.png","image/png","200","OK","Indexable","","0","0.062","",""
"https://www.ipaenglish.com/wp-content/cache/autoptimize/js/autoptimize_single_d07378601e26540ddaf277a2c066e22b.js","text/javascript; charset=utf-8","200","OK","Indexable","","0","0.065","",""
"https://www.ipaenglish.com/wp-content/cache/autoptimize/css/autoptimize_single_a4ac8820a9d8d8dbff3e59774107bd2b.css","text/css; charset=utf-8","200","OK","Indexable","","0","0.055","",""
"https://www.ipaenglish.com/wp-content/uploads/elementor/css/post-1218.css","text/css; charset=utf-8","200","OK","Indexable","","0","0.060","",""
"https://www.ipaenglish.com/wp-content/cache/autoptimize/css/autoptimize_single_8b90082ca0f323dcee9b58d81ae96829.css","text/css; charset=utf-8","200","OK","Indexable","","0","0.058","",""
"https://www.ipaenglish.com/wp-content/cache/autoptimize/js/autoptimize_single_9a9f588bba3eeb301de7690c346d445d.js","text/javascript; charset=utf-8","200","OK","Indexable","","0","0.060","",""
"https://www.ipaenglish.com/wp-content/cache/autoptimize/css/autoptimize_single_bdd28a33b3fee5ad3871c0c0573ac501.css","text/css; charset=utf-8","200","OK","Indexable","","0","0.062","",""
"https://www.ipaenglish.com/wp-content/plugins/elementor/assets/lib/font-awesome/css/all.min.css","text/css; charset=utf-8","200","OK","Indexable","","0","0.059","",""
"https://www.ipaenglish.com/wp-content/cache/autoptimize/js/autoptimize_single_8341b9b2e5b09a7f9cb7cef9dbaa7311.js","text/javascript; charset=utf-8","200","OK","Indexable","","0","0.063","",""
"https://www.ipaenglish.com/wp-content/plugins/elementor/assets/lib/font-awesome/js/v4-shims.min.js","text/javascript; charset=utf-8","200","OK","Indexable","","0","0.063","",""
"https://www.ipaenglish.com/wp-content/cache/autoptimize/js/autoptimize_single_5d28d3129a69c4137d6b987d718f8fe5.js","text/javascript; charset=utf-8","200","OK","Indexable","","0","0.052","",""
"https://www.ipaenglish.com/wp-content/cache/autoptimize/css/autoptimize_single_93b61a8cfa914e3c9fd081f6a3146373.css","text/css; charset=utf-8","200","OK","Indexable","","0","0.053","",""
"https://www.ipaenglish.com/wp-content/plugins/elementor/assets/js/webpack.runtime.min.js","text/javascript; charset=utf-8","200","OK","Indexable","","0","0.059","",""
"https://www.ipaenglish.com/wp-includes/js/dist/i18n.min.js","text/javascript; charset=utf-8","200","OK","Indexable","","0","0.059","",""
"https://www.ipaenglish.com/wp-content/themes/masterstudy/assets/vendors/jquery.fancybox.min.js","text/javascript; charset=utf-8","200","OK","Indexable","","0","0.050","",""
"https://www.ipaenglish.com/wp-content/cache/autoptimize/css/autoptimize_single_b2b463a5bdb73833be2a6afbc1843ddd.css","text/css; charset=utf-8","200","OK","Indexable","","0","0.054","",""
"https://www.ipaenglish.com/wp-content/plugins/elementor/assets/js/frontend-modules.min.js","text/javascript; charset=utf-8","200","OK","Indexable","","0","0.052","",""
"https://www.ipaenglish.com/wp-content/plugins/masterstudy-lms-learning-management-system/_core/assets/vendors/swiper-bundle.min.js","text/javascript; charset=utf-8","200","OK","Indexable","","0","0.057","",""
"https://www.ipaenglish.com/wp-content/cache/autoptimize/css/autoptimize_single_766e46f8ceadf449552f0100bae0bc3d.css","text/css; charset=utf-8","200","OK","Indexable","","0","0.061","",""
"https://www.ipaenglish.com/wp-content/cache/autoptimize/css/autoptimize_single_372197f207256fa4cfced2ee1cb904b5.css","text/css; charset=utf-8","200","OK","Indexable","","0","0.057","",""
"https://www.ipaenglish.com/wp-content/themes/masterstudy/assets/css/select2.min.css","text/css; charset=utf-8","200","OK","Indexable","","0","0.059","",""
"https://www.ipaenglish.com/wp-content/cache/autoptimize/css/autoptimize_single_76f875a482db594e2b2c2f29e1646b82.css","text/css; charset=utf-8","200","OK","Indexable","","0","0.057","",""
"https://www.ipaenglish.com/wp-includes/js/dist/vendor/wp-polyfill.min.js","text/javascript; charset=utf-8","200","OK","Indexable","","0","0.058","",""
"https://www.ipaenglish.com/wp-content/cache/autoptimize/css/autoptimize_single_f67fcd585ec2a53359e3e2ad79861a76.css","text/css; charset=utf-8","200","OK","Indexable","","0","0.062","",""
"https://www.ipaenglish.com/wp-content/cache/autoptimize/css/autoptimize_single_ae0ae79abcc573414239614349c125f9.css","text/css; charset=utf-8","200","OK","Indexable","","0","0.052","",""
"https://www.ipaenglish.com/wp-content/plugins/revslider/sr6/assets/assets/dummy.png","image/png","200","OK","Indexable","","0","0.057","",""
"https://www.ipaenglish.com/wp-content/cache/autoptimize/css/autoptimize_single_b8558e5fa075bc663d080611c9759507.css","text/css; charset=utf-8","200","OK","Indexable","","0","0.060","",""
"https://www.ipaenglish.com/wp-content/uploads/2025/08/IPA-English-1024x536.jpg","image/jpeg","200","OK","Indexable","","0","0.055","",""
"https://www.ipaenglish.com/wp-content/uploads/elementor/css/post-12197.css","text/css; charset=utf-8","200","OK","Indexable","","0","0.051","",""
"https://www.ipaenglish.com/wp-content/uploads/2024/08/36AA30E1-0DC1-4CC5-836E-1A10FE7F747B-e1723601218764.png","image/png","200","OK","Indexable","","0","0.053","",""
"https://www.ipaenglish.com/wp-content/plugins/elementor/assets/lib/font-awesome/css/v4-shims.min.css","text/css; charset=utf-8","200","OK","Indexable","","0","0.053","",""
"https://www.ipaenglish.com/wp-content/plugins/elementor/assets/css/widget-heading.min.css","text/css; charset=utf-8","200","OK","Indexable","","0","0.047","",""
"https://www.ipaenglish.com/wp-content/cache/autoptimize/css/autoptimize_single_67553fd756dfb8cec1cb301b4f3fee57.css","text/css; charset=utf-8","200","OK","Indexable","","0","0.063","",""
"https://www.ipaenglish.com/wp-content/plugins/masterstudy-lms-learning-management-system/_core/assets/vendors/bootstrap.min.js","text/javascript; charset=utf-8","200","OK","Indexable","","0","0.056","",""
"https://www.ipaenglish.com/wp-content/cache/autoptimize/css/autoptimize_single_066b28d73787333323afae12198e1065.css","text/css; charset=utf-8","200","OK","Indexable","","0","0.052","",""
"https://www.ipaenglish.com/wp-content/themes/masterstudy/assets/js/select2.full.min.js","text/javascript; charset=utf-8","200","OK","Indexable","","0","0.056","",""
"https://www.ipaenglish.com/wp-content/plugins/elementor/assets/css/widget-icon-box.min.css","text/css; charset=utf-8","200","OK","Indexable","","0","0.081","",""
"https://www.ipaenglish.com/wp-content/cache/autoptimize/js/autoptimize_single_2912c657d0592cc532dff73d0d2ce7bb.js","text/javascript; charset=utf-8","200","OK","Indexable","","0","0.063","",""
"https://www.ipaenglish.com/wp-content/cache/autoptimize/css/autoptimize_single_6f2c8251e298cfde574023e02aff54c3.css","text/css; charset=utf-8","200","OK","Indexable","","0","0.020","",""
"https://www.ipaenglish.com/contact-us/","text/html; charset=UTF-8","200","OK","Indexable","","62","0.612","",""
"https://www.ipaenglish.com/wp-content/plugins/translatepress-multilingual/assets/images/flags/en_US.png","image/png","200","OK","Indexable","","0","0.054","",""
"https://www.ipaenglish.com/wp-content/cache/autoptimize/css/autoptimize_single_5009e33a0cf7c399060aa21a08b920e9.css","text/css; charset=utf-8","200","OK","Indexable","","0","0.058","",""
"https://www.ipaenglish.com/wp-content/plugins/add-to-any/addtoany.min.js","text/javascript; charset=utf-8","200","OK","Indexable","","0","0.060","",""
"https://www.ipaenglish.com/wp-content/cache/autoptimize/js/autoptimize_single_96e7dc3f0e8559e4a3f3ca40b17ab9c3.js","text/javascript; charset=utf-8","200","OK","Indexable","","0","0.052","",""
"https://www.ipaenglish.com/wp-content/cache/autoptimize/css/autoptimize_single_6922a6d4230a7d2e6bfcf72dca0be6d3.css","text/css; charset=utf-8","200","OK","Indexable","","0","0.057","",""
"https://www.ipaenglish.com/wp-content/plugins/stm-post-type/theme/assets/lazysizes.min.js","text/javascript; charset=utf-8","200","OK","Indexable","","0","0.052","",""
"https://www.ipaenglish.com/wp-content/plugins/elementor/assets/js/frontend.min.js","text/javascript; charset=utf-8","200","OK","Indexable","","0","0.065","",""
"https://www.ipaenglish.com/wp-content/plugins/masterstudy-lms-learning-management-system/_core/assets/vendors/video-js.min.css","text/css; charset=utf-8","200","OK","Indexable","","0","0.057","",""
"https://www.ipaenglish.com/wp-content/plugins/elementor/assets/css/widget-social-icons.min.css","text/css; charset=utf-8","200","OK","Indexable","","0","0.052","",""
"https://www.ipaenglish.com/communicative-english-for-adults/","text/html; charset=UTF-8","200","OK","Indexable","","42","0.662","",""
"https://www.googletagmanager.com/gtag/js?id=GT-NB9W8HJ3","application/javascript; charset=UTF-8","200","OK","Indexable","","0","0.140","",""
"https://www.ipaenglish.com/wp-content/cache/autoptimize/css/autoptimize_single_8d37441d69ebc9b55dff2c7c214ef997.css","text/css; charset=utf-8","200","OK","Indexable","","0","0.048","",""
"https://www.ipaenglish.com/faq/","text/html; charset=UTF-8","200","OK","Indexable","","42","0.603","",""
"https://www.ipaenglish.com/wp-content/plugins/masterstudy-lms-learning-management-system/_core/assets/vendors/swiper-bundle.min.css","text/css; charset=utf-8","200","OK","Indexable","","0","0.019","",""
"https://www.ipaenglish.com/wp-content/plugins/elementor/assets/lib/eicons/css/elementor-icons.min.css","text/css; charset=utf-8","200","OK","Indexable","","0","0.052","",""
"https://www.ipaenglish.com/wp-content/cache/autoptimize/js/autoptimize_single_77c95b75b3d87162765f4647594b258e.js","text/javascript; charset=utf-8","200","OK","Indexable","","0","0.073","",""
"https://www.ipaenglish.com/wp-includes/js/jquery/jquery-migrate.min.js","text/javascript; charset=utf-8","200","OK","Indexable","","0","0.017","",""
"https://www.ipaenglish.com/book-a-test/","text/html; charset=UTF-8","200","OK","Indexable","","56","0.703","",""
"https://www.ipaenglish.com/wp-content/cache/autoptimize/js/autoptimize_single_cfda9e4b288ad90650d1393aa50efa81.js","text/javascript; charset=utf-8","200","OK","Indexable","","0","0.059","",""
"https://www.ipaenglish.com/wp-content/uploads/stm_lms_styles/custom_styles.css","text/css; charset=utf-8","200","OK","Indexable","","0","0.061","",""
"https://www.ipaenglish.com/wp-content/cache/autoptimize/css/autoptimize_single_aae648ec410260f859ac89e58a8372c1.css","text/css; charset=utf-8","200","OK","Indexable","","0","0.059","",""
"https://www.ipaenglish.com/wp-content/plugins/elementor/assets/css/widget-icon-list.min.css","text/css; charset=utf-8","200","OK","Indexable","","0","0.057","",""
"https://static.addtoany.com/menu/page.js","application/javascript","200","OK","Indexable","","0","0.037","",""
"https://www.ipaenglish.com/wp-content/plugins/revslider/sr6/assets/js/rs6.min.js","text/javascript; charset=utf-8","200","OK","Indexable","","0","0.055","",""
"https://www.ipaenglish.com/vi/","text/html; charset=UTF-8","200","OK","Indexable","","68","0.984","",""
"https://www.ipaenglish.com/wp-content/cache/autoptimize/css/autoptimize_single_15a8bb56258ccd1c08e26f3cc6d1d722.css","text/css; charset=utf-8","200","OK","Indexable","","0","0.018","",""
"https://www.ipaenglish.com/wp-content/plugins/masterstudy-lms-learning-management-system/_core/assets/vendors/bootstrap.min.css","text/css; charset=utf-8","200","OK","Indexable","","0","0.055","",""
"https://www.ipaenglish.com/learning-system/","text/html; charset=UTF-8","200","OK","Indexable","","68","1.021","",""
"https://www.ipaenglish.com/wp-content/cache/autoptimize/css/autoptimize_single_c770e632cb2e03964a4ca99051546596.css","text/css; charset=utf-8","200","OK","Indexable","","0","0.020","",""
"https://www.ipaenglish.com/global-english-for-teen-achievers/","text/html; charset=UTF-8","200","OK","Indexable","","56","0.883","",""
"https://www.ipaenglish.com/wp-content/plugins/elementor/assets/css/frontend.min.css","text/css; charset=utf-8","200","OK","Indexable","","0","0.054","",""
"https://www.ipaenglish.com/wp-content/cache/autoptimize/js/autoptimize_single_f5bda78be48315b7d7656db62fdc1e9c.js","text/javascript; charset=utf-8","200","OK","Indexable","","0","0.018","",""
"https://www.ipaenglish.com/wp-content/cache/autoptimize/css/autoptimize_single_65357c71cbe8092f7e0a2b297225d73b.css","text/css; charset=utf-8","200","OK","Indexable","","0","0.056","",""
"https://www.ipaenglish.com/wp-content/cache/autoptimize/js/autoptimize_single_12a5f55067f825f76e4406e63186ad56.js","text/javascript; charset=utf-8","200","OK","Indexable","","0","0.054","",""
"https://www.ipaenglish.com/wp-includes/js/jquery/ui/core.min.js","text/javascript; charset=utf-8","200","OK","Indexable","","0","0.046","",""
"https://www.ipaenglish.com/wp-content/cache/autoptimize/js/autoptimize_single_23319b8c0e310fdc1da61d638004e0fb.js","text/javascript; charset=utf-8","200","OK","Indexable","","0","0.052","",""
"https://www.ipaenglish.com/wp-content/plugins/revslider/sr6/assets/js/rbtools.min.js","text/javascript; charset=utf-8","200","OK","Indexable","","0","0.064","",""
"https://www.ipaenglish.com/wp-content/themes/masterstudy/assets/vendors/jquery.fancybox.min.css","text/css; charset=utf-8","200","OK","Indexable","","0","0.054","",""
"https://www.ipaenglish.com/wp-content/cache/autoptimize/css/autoptimize_single_1f1c6abbb54c6d189b7263e0861fae8a.css","text/css; charset=utf-8","200","OK","Indexable","","0","0.061","",""
"https://www.ipaenglish.com/wp-content/cache/autoptimize/js/autoptimize_single_1c041fb88c055a3f5f7edb48d19878fe.js","text/javascript; charset=utf-8","200","OK","Indexable","","0","0.053","",""
"https://www.ipaenglish.com/wp-includes/js/dist/hooks.min.js","text/javascript; charset=utf-8","200","OK","Indexable","","0","0.055","",""
"https://www.ipaenglish.com/wp-content/cache/autoptimize/css/autoptimize_single_1ff8f6b91b77873bd30947ddf9382ea4.css","text/css; charset=utf-8","200","OK","Indexable","","0","0.058","",""
"https://www.ipaenglish.com/wp-content/cache/autoptimize/js/autoptimize_single_ec0187677793456f98473f49d9e9b95f.js","text/javascript; charset=utf-8","200","OK","Indexable","","0","0.050","",""
"https://www.ipaenglish.com/wp-content/cache/autoptimize/css/autoptimize_single_993387aae0b00dd250f8c6bacb602bb4.css","text/css; charset=utf-8","200","OK","Indexable","","0","0.061","",""
"https://www.ipaenglish.com/founders/","text/html; charset=UTF-8","200","OK","Indexable","","55","0.781","",""
"https://www.ipaenglish.com/wp-content/plugins/masterstudy-lms-learning-management-system/_core/libraries/nuxy/metaboxes/assets/vendors/font-awesome.min.css","text/css; charset=utf-8","200","OK","Indexable","","0","0.065","",""
"https://fonts.googleapis.com/css?family=Barlow:100,200,300,400,500,600,700,800,900,100italic,200italic,300italic,400italic,500italic,600italic,700italic,800italic,900italic|Open%20Sans:300,400,500,600,700,800,300italic,400italic,500italic,600italic,700italic,800italic|Barlow:100,200,300,400,500,600,700,800,900,100italic,200italic,300italic,400italic,500italic,600italic,700italic,800italic,900italic|Open%20Sans:300,400,500,600,700,800,300italic,400italic,500italic,600italic,700italic,800italic|Barlow:100,200,300,400,500,600,700,800,900,100italic,200italic,300italic,400italic,500italic,600italic,700italic,800italic,900italic|Open%20Sans:300,400,500,600,700,800,300italic,400italic,500italic,600italic,700italic,800italic|Barlow:100,100italic,200,200italic,300,300italic,400,400italic,500,500italic,600,600italic,700,700italic,800,800italic,900,900italic|Roboto+Slab:100,100italic,200,200italic,300,300italic,400,400italic,500,500italic,600,600italic,700,700italic,800,800italic,900,900italic|Open+Sans:100,100italic,200,200italic,300,300italic,400,400italic,500,500italic,600,600italic,700,700italic,800,800italic,900,900italic|Roboto:100,100italic,200,200italic,300,300italic,400,400italic,500,500italic,600,600italic,700,700italic,800,800italic,900,900italic|Barlow+Condensed:100,100italic,200,200italic,300,300italic,400,400italic,500,500italic,600,600italic,700,700italic,800,800italic,900,900italic|Roboto:400&display=swap","text/css; charset=utf-8","200","OK","Indexable","","0","0.043","",""
"https://www.ipaenglish.com/user-account/","text/html; charset=UTF-8","200","OK","Indexable","","27","0.597","",""
"https://www.ipaenglish.com/wp-content/cache/autoptimize/css/autoptimize_single_b7983765bc28a9f78965591eb5eeea35.css","text/css; charset=utf-8","200","OK","Indexable","","0","0.017","",""
"https://www.ipaenglish.com/wp-includes/js/jquery/jquery.min.js","text/javascript; charset=utf-8","200","OK","Indexable","","0","0.057","",""
"https://www.ipaenglish.com/wp-content/plugins/elementor/assets/css/widget-spacer.min.css","text/css; charset=utf-8","200","OK","Indexable","","0","0.052","",""
"https://www.ipaenglish.com/wp-content/cache/autoptimize/js/autoptimize_single_480249222b180b4823e5cd2d8a4c467f.js","text/javascript; charset=utf-8","200","OK","Indexable","","0","0.050","",""
"https://www.ipaenglish.com/wp-content/cache/autoptimize/css/autoptimize_single_a5bf64d5859ee94a3e8e93d592d6d2a0.css","text/css; charset=utf-8","200","OK","Indexable","","0","0.048","",""
"https://www.facebook.com/plugins/page.php?href=https%3A%2F%2Fwww.facebook.com%2Fprofile.php%3Fid%3D61564165476868&tabs=timeline&width=500&height=700&small_header=false&adapt_container_width=true&hide_cover=false&show_facepile=true&appId","","0","Blocked by robots.txt","Non-Indexable","Blocked by robots.txt","0","","",""
"https://www.google.com/recaptcha/api.js?render=6LeTu8gtAAAAAGsMlnQBvZEcf5lsdeQIPaihfmfu&ver=3.0","text/javascript; charset=utf-8","200","OK","Indexable","","0","0.056","",""
"https://www.ipaenglish.com/wp-content/plugins/elementor/assets/lib/animations/styles/e-animation-pulse-grow.min.css","text/css; charset=utf-8","200","OK","Indexable","","0","0.058","",""
"https://www.ipaenglish.com/testimonials/","text/html; charset=UTF-8","200","OK","Indexable","","44","0.628","",""
"https://www.ipaenglish.com/wp-content/cache/autoptimize/js/autoptimize_single_a567935519d487508e7f28a6fa40bab2.js","text/javascript; charset=utf-8","200","OK","Indexable","","0","0.018","",""
"https://www.ipaenglish.com/wp-content/uploads/2024/08/Tony-Profile-Picture-e1723626782498.png","image/png","200","OK","Indexable","","0","0.064","",""
"https://www.ipaenglish.com/wp-content/uploads/elementor/css/post-12283.css","text/css; charset=utf-8","200","OK","Indexable","","0","0.070","",""
"https://www.ipaenglish.com/vi/book-a-test/","text/html; charset=UTF-8","200","OK","Indexable","","56","0.794","",""
"https://www.ipaenglish.com/wp-content/uploads/2024/08/7.-Learning-System-Infographic-version-1-410x1024.png","image/png","200","OK","Indexable","","0","0.018","",""
"https://www.ipaenglish.com/vi/founders/","text/html; charset=UTF-8","200","OK","Indexable","","55","0.846","",""
"https://www.ipaenglish.com/user-public-account/tony-evans/","text/html; charset=UTF-8","200","OK","Indexable","","11","0.994","",""
"https://www.ipaenglish.com/courses/?terms%5B%5D=22&category%5B%5D=22","text/html; charset=UTF-8","200","OK","Non-Indexable","Canonicalised","18","0.624","",""
"https://www.ipaenglish.com/wp-content/uploads/elementor/css/post-12791.css","text/css; charset=utf-8","200","OK","Indexable","","0","0.020","",""
"https://www.ipaenglish.com/wp-content/uploads/2024/08/IPA-student-Large-1279x852.jpeg","image/jpeg","200","OK","Indexable","","0","0.054","",""
"https://www.ipaenglish.com/wp-content/uploads/elementor/css/post-413.css","text/css; charset=utf-8","200","OK","Indexable","","0","0.077","",""
"https://www.ipaenglish.com/wp-content/uploads/2024/08/Image-8-Large-1-1024x768.jpeg","image/jpeg","200","OK","Indexable","","0","0.057","",""
"https://www.ipaenglish.com/wp-content/plugins/elementor/assets/css/widget-link-in-bio-base.min.css","text/css; charset=utf-8","200","OK","Indexable","","0","0.056","",""
"https://www.ipaenglish.com/wp-content/plugins/elementor/assets/css/widget-google_maps.min.css","text/css; charset=utf-8","200","OK","Indexable","","0","0.056","",""
"https://www.ipaenglish.com/wp-content/cache/autoptimize/js/autoptimize_single_18afd00c239788089f92d44d9b200d4e.js","text/javascript; charset=utf-8","200","OK","Indexable","","0","0.063","",""
"https://www.ipaenglish.com/vi/testimonials/","text/html; charset=UTF-8","200","OK","Indexable","","44","0.767","",""
"https://www.ipaenglish.com/wp-content/cache/autoptimize/js/autoptimize_single_1acd24c529cfb32079e5b8dd0090d937.js","text/javascript; charset=utf-8","200","OK","Indexable","","0","0.020","",""
"https://fonts.googleapis.com/css?family=Barlow:100,200,300,400,500,600,700,800,900,100italic,200italic,300italic,400italic,500italic,600italic,700italic,800italic,900italic|Open%20Sans:300,400,500,600,700,800,300italic,400italic,500italic,600italic,700italic,800italic|Barlow:100,200,300,400,500,600,700,800,900,100italic,200italic,300italic,400italic,500italic,600italic,700italic,800italic,900italic|Open%20Sans:300,400,500,600,700,800,300italic,400italic,500italic,600italic,700italic,800italic|Barlow:100,200,300,400,500,600,700,800,900,100italic,200italic,300italic,400italic,500italic,600italic,700italic,800italic,900italic|Open%20Sans:300,400,500,600,700,800,300italic,400italic,500italic,600italic,700italic,800italic|Barlow:100,100italic,200,200italic,300,300italic,400,400italic,500,500italic,600,600italic,700,700italic,800,800italic,900,900italic|Roboto+Slab:100,100italic,200,200italic,300,300italic,400,400italic,500,500italic,600,600italic,700,700italic,800,800italic,900,900italic|Open+Sans:100,100italic,200,200italic,300,300italic,400,400italic,500,500italic,600,600italic,700,700italic,800,800italic,900,900italic|Roboto:100,100italic,200,200italic,300,300italic,400,400italic,500,500italic,600,600italic,700,700italic,800,800italic,900,900italic|Barlow+Condensed:100,100italic,200,200italic,300,300italic,400,400italic,500,500italic,600,600italic,700,700italic,800,800italic,900,900italic|Roboto:400&subset=vietnamese%2Cvietnamese%2Cvietnamese%2Cvietnamese%2Cvietnamese&display=swap","text/css; charset=utf-8","200","OK","Indexable","","0","0.120","",""
"https://www.ipaenglish.com/vi/global-english-for-teen-achievers/","text/html; charset=UTF-8","200","OK","Indexable","","56","0.731","",""
"https://www.ipaenglish.com/wp-content/uploads/2024/08/Kristin-300x300.png","image/png","200","OK","Indexable","","0","0.016","",""
"https://www.ipaenglish.com/vi/learning-system/","text/html; charset=UTF-8","200","OK","Indexable","","68","0.966","",""
"https://www.ipaenglish.com/wp-content/uploads/2025/08/course-icon-5.png","image/png","200","OK","Indexable","","0","0.017","",""
"https://www.ipaenglish.com/wp-content/uploads/2024/08/tony-kris-1024x768.jpeg","image/jpeg","200","OK","Indexable","","0","0.052","",""
"https://fonts.googleapis.com/css?family=Barlow:100,200,300,400,500,600,700,800,900,100italic,200italic,300italic,400italic,500italic,600italic,700italic,800italic,900italic|Open%20Sans:300,400,500,600,700,800,300italic,400italic,500italic,600italic,700italic,800italic|Barlow:100,200,300,400,500,600,700,800,900,100italic,200italic,300italic,400italic,500italic,600italic,700italic,800italic,900italic|Open%20Sans:300,400,500,600,700,800,300italic,400italic,500italic,600italic,700italic,800italic|Barlow:100,200,300,400,500,600,700,800,900,100italic,200italic,300italic,400italic,500italic,600italic,700italic,800italic,900italic|Open%20Sans:300,400,500,600,700,800,300italic,400italic,500italic,600italic,700italic,800italic|Barlow:100,100italic,200,200italic,300,300italic,400,400italic,500,500italic,600,600italic,700,700italic,800,800italic,900,900italic|Roboto+Slab:100,100italic,200,200italic,300,300italic,400,400italic,500,500italic,600,600italic,700,700italic,800,800italic,900,900italic|Open+Sans:100,100italic,200,200italic,300,300italic,400,400italic,500,500italic,600,600italic,700,700italic,800,800italic,900,900italic|Roboto:100,100italic,200,200italic,300,300italic,400,400italic,500,500italic,600,600italic,700,700italic,800,800italic,900,900italic|Exo:100,100italic,200,200italic,300,300italic,400,400italic,500,500italic,600,600italic,700,700italic,800,800italic,900,900italic&display=swap","text/css; charset=utf-8","200","OK","Indexable","","0","0.136","",""
"https://fonts.googleapis.com/css?family=Barlow:100,200,300,400,500,600,700,800,900,100italic,200italic,300italic,400italic,500italic,600italic,700italic,800italic,900italic|Open%20Sans:300,400,500,600,700,800,300italic,400italic,500italic,600italic,700italic,800italic|Barlow:100,200,300,400,500,600,700,800,900,100italic,200italic,300italic,400italic,500italic,600italic,700italic,800italic,900italic|Open%20Sans:300,400,500,600,700,800,300italic,400italic,500italic,600italic,700italic,800italic|Barlow:100,200,300,400,500,600,700,800,900,100italic,200italic,300italic,400italic,500italic,600italic,700italic,800italic,900italic|Open%20Sans:300,400,500,600,700,800,300italic,400italic,500italic,600italic,700italic,800italic|Barlow:100,100italic,200,200italic,300,300italic,400,400italic,500,500italic,600,600italic,700,700italic,800,800italic,900,900italic|Roboto+Slab:100,100italic,200,200italic,300,300italic,400,400italic,500,500italic,600,600italic,700,700italic,800,800italic,900,900italic|Open+Sans:100,100italic,200,200italic,300,300italic,400,400italic,500,500italic,600,600italic,700,700italic,800,800italic,900,900italic|Roboto:100,100italic,200,200italic,300,300italic,400,400italic,500,500italic,600,600italic,700,700italic,800,800italic,900,900italic&display=swap","text/css; charset=utf-8","200","OK","Indexable","","0","0.125","",""
"https://www.ipaenglish.com/wp-content/uploads/2024/08/Teacher-Training-2JPG-1024x683.jpg","image/jpeg","200","OK","Indexable","","0","0.059","",""
"https://www.ipaenglish.com/wp-content/uploads/2025/08/DSC0052-graded-white-background-300x294.jpg","image/jpeg","200","OK","Indexable","","0","0.050","",""
"https://www.ipaenglish.com/wp-content/plugins/elementor/assets/css/widget-image.min.css","text/css; charset=utf-8","200","OK","Indexable","","0","0.056","",""
"https://www.ipaenglish.com/wp-content/uploads/2024/08/Image-12-Large-1279x852.jpeg","image/jpeg","200","OK","Indexable","","0","0.064","",""
"https://www.ipaenglish.com/vi/communicative-english-for-adults/","text/html; charset=UTF-8","200","OK","Indexable","","42","0.747","",""
"https://www.ipaenglish.com/wp-content/uploads/elementor/css/post-12280.css","text/css; charset=utf-8","200","OK","Indexable","","0","0.017","",""
"https://www.ipaenglish.com/wp-content/uploads/elementor/css/post-392.css","text/css; charset=utf-8","200","OK","Indexable","","0","0.057","",""
"https://www.ipaenglish.com/vi/user-account/","text/html; charset=UTF-8","200","OK","Indexable","","27","0.679","",""
"https://www.ipaenglish.com/wp-content/uploads/elementor/css/post-12440.css","text/css; charset=utf-8","200","OK","Indexable","","0","0.016","",""
"https://www.ipaenglish.com/wp-content/uploads/elementor/css/post-12563.css","text/css; charset=utf-8","200","OK","Indexable","","0","0.050","",""
"https://www.ipaenglish.com/wp-content/plugins/pdf-embedder/assets/js/pdfjs/pdf.min.js","text/javascript; charset=utf-8","200","OK","Indexable","","0","0.050","",""
"https://www.ipaenglish.com/vi/faq/","text/html; charset=UTF-8","200","OK","Indexable","","42","0.766","",""
"https://www.ipaenglish.com/wp-content/cache/autoptimize/js/autoptimize_single_09a82be84a3192aa9fac50c109b2d430.js","text/javascript; charset=utf-8","200","OK","Indexable","","0","0.017","",""
"https://maps.google.com/maps?q=IPA%20English%20Academy%2C%20Nhà%20số%20THU-35A%20khu%20nhà%2C%20phố%20Thủy%20Nguyên%2C%20Khu%20đô%20thị%20Ecopark%2C%20Văn%20Giang%2C%20Hưng%20Yên%2010000%2C%20Việt%20Nam&t=m&z=20&output=embed&iwloc=near","text/html","301","Moved Permanently","Non-Indexable","Redirected","0","0.053","https://www.google.com/maps/embed?origin=mfe&pb=!1m4!2m1!1zSVBBIEVuZ2xpc2ggQWNhZGVteSwgTmjDoCBz4buRIFRIVS0zNUEga2h1IG5ow6AsIHBo4buRIFRo4buneSBOZ3V5w6puLCBLaHUgxJHDtCB0aOG7iyBFY29wYXJrLCBWxINuIEdpYW5nLCBIxrBuZyBZw6puIDEwMDAwLCBWaeG7h3QgTmFt!5e0!6i20","HTTP Redirect"
"https://www.ipaenglish.com/wp-content/cache/autoptimize/js/autoptimize_single_dd55bbfff9a5ad09806fd5f95e1bc217.js","text/javascript; charset=utf-8","200","OK","Indexable","","0","0.054","",""
"https://fonts.googleapis.com/css?family=Barlow:100,200,300,400,500,600,700,800,900,100italic,200italic,300italic,400italic,500italic,600italic,700italic,800italic,900italic|Open%20Sans:300,400,500,600,700,800,300italic,400italic,500italic,600italic,700italic,800italic|Barlow:100,200,300,400,500,600,700,800,900,100italic,200italic,300italic,400italic,500italic,600italic,700italic,800italic,900italic|Open%20Sans:300,400,500,600,700,800,300italic,400italic,500italic,600italic,700italic,800italic|Barlow:100,200,300,400,500,600,700,800,900,100italic,200italic,300italic,400italic,500italic,600italic,700italic,800italic,900italic|Open%20Sans:300,400,500,600,700,800,300italic,400italic,500italic,600italic,700italic,800italic|Barlow:100,100italic,200,200italic,300,300italic,400,400italic,500,500italic,600,600italic,700,700italic,800,800italic,900,900italic|Roboto+Slab:100,100italic,200,200italic,300,300italic,400,400italic,500,500italic,600,600italic,700,700italic,800,800italic,900,900italic|Open+Sans:100,100italic,200,200italic,300,300italic,400,400italic,500,500italic,600,600italic,700,700italic,800,800italic,900,900italic|Roboto:100,100italic,200,200italic,300,300italic,400,400italic,500,500italic,600,600italic,700,700italic,800,800italic,900,900italic|Exo:100,100italic,200,200italic,300,300italic,400,400italic,500,500italic,600,600italic,700,700italic,800,800italic,900,900italic&subset=vietnamese%2Cvietnamese%2Cvietnamese%2Cvietnamese%2Cvietnamese&display=swap","text/css; charset=utf-8","200","OK","Indexable","","0","0.124","",""
"https://fonts.googleapis.com/css?family=Barlow:100,200,300,400,500,600,700,800,900,100italic,200italic,300italic,400italic,500italic,600italic,700italic,800italic,900italic|Open%20Sans:300,400,500,600,700,800,300italic,400italic,500italic,600italic,700italic,800italic|Barlow:100,200,300,400,500,600,700,800,900,100italic,200italic,300italic,400italic,500italic,600italic,700italic,800italic,900italic|Open%20Sans:300,400,500,600,700,800,300italic,400italic,500italic,600italic,700italic,800italic|Barlow:100,200,300,400,500,600,700,800,900,100italic,200italic,300italic,400italic,500italic,600italic,700italic,800italic,900italic|Open%20Sans:300,400,500,600,700,800,300italic,400italic,500italic,600italic,700italic,800italic|Barlow:100,100italic,200,200italic,300,300italic,400,400italic,500,500italic,600,600italic,700,700italic,800,800italic,900,900italic|Roboto+Slab:100,100italic,200,200italic,300,300italic,400,400italic,500,500italic,600,600italic,700,700italic,800,800italic,900,900italic|Open+Sans:100,100italic,200,200italic,300,300italic,400,400italic,500,500italic,600,600italic,700,700italic,800,800italic,900,900italic|Roboto:100,100italic,200,200italic,300,300italic,400,400italic,500,500italic,600,600italic,700,700italic,800,800italic,900,900italic&subset=vietnamese%2Cvietnamese%2Cvietnamese%2Cvietnamese&display=swap","text/css; charset=utf-8","200","OK","Indexable","","0","0.136","",""
"https://www.ipaenglish.com/wp-content/uploads/2025/08/A2-Level-Course-Overview-ENG.pdf","application/pdf","200","OK","Indexable","","0","0.054","",""
"https://www.ipaenglish.com/vi/contact-us/","text/html; charset=UTF-8","200","OK","Indexable","","62","0.679","",""
"https://www.ipaenglish.com/wp-content/plugins/pdf-embedder/assets/js/pdfemb.min.js","text/javascript; charset=utf-8","200","OK","Indexable","","0","0.027","",""
"https://www.ipaenglish.com/wp-content/cache/autoptimize/js/autoptimize_single_0ec48edcbd1bef0b6a410f5f41804518.js","text/javascript; charset=utf-8","200","OK","Indexable","","0","0.054","",""
"https://www.ipaenglish.com/wp-content/uploads/2025/08/Teacher-Tony.pdf","application/pdf","200","OK","Indexable","","2","0.057","",""
"https://m.me/IPAEnglish.Ecopark","text/html; charset=""utf-8""","302","Found","Non-Indexable","Redirected","26","0.231","https://www.facebook.com/msg/414953218361725/?show_interstitial=0&mdotme_uri=https%3A%2F%2Fm.me%2FIPAEnglish.Ecopark&source_id=1441792&handler=m.me&referer","HTTP Redirect"
"https://www.ipaenglish.com/vi/user-public-account/tony-evans/","text/html; charset=UTF-8","200","OK","Indexable","","11","0.489","",""
"https://www.ipaenglish.com/courses/","text/html; charset=UTF-8","200","OK","Indexable","","19","0.443","",""
"https://www.ipaenglish.com/vi/courses/?terms%5B%5D=22&category%5B%5D=22","text/html; charset=UTF-8","200","OK","Non-Indexable","Canonicalised","18","0.647","",""
"https://www.ipaenglish.com/wp-content/uploads/2025/08/A2-Level-Course-Overview-VN.pdf","application/pdf","200","OK","Indexable","","0","0.030","",""
"https://www.ipaenglish.com/vi/courses/","text/html; charset=UTF-8","200","OK","Indexable","","19","0.649","",""
