Address,Occurrences,Meta Description 1,Meta Description 1 Length,Meta Description 1 Pixel Width,Indexability,Indexability Status
https://www.ipaenglish.com/,0,,0,0,Indexable,
https://www.ipaenglish.com/contact-us/,0,,0,0,Indexable,
https://www.ipaenglish.com/communicative-english-for-adults/,0,,0,0,Indexable,
https://www.ipaenglish.com/faq/,0,,0,0,Indexable,
https://www.ipaenglish.com/book-a-test/,0,,0,0,Indexable,
https://www.ipaenglish.com/vi/,0,,0,0,Indexable,
https://www.ipaenglish.com/learning-system/,0,,0,0,Indexable,
https://www.ipaenglish.com/global-english-for-teen-achievers/,0,,0,0,Indexable,
https://www.ipaenglish.com/founders/,0,,0,0,Indexable,
https://www.ipaenglish.com/user-account/,0,,0,0,Indexable,
https://www.ipaenglish.com/testimonials/,0,,0,0,Indexable,
https://www.ipaenglish.com/vi/book-a-test/,0,,0,0,Indexable,
https://www.ipaenglish.com/vi/founders/,0,,0,0,Indexable,
https://www.ipaenglish.com/user-public-account/tony-evans/,0,,0,0,Indexable,
https://www.ipaenglish.com/courses/?terms%5B%5D=22&category%5B%5D=22,0,,0,0,Non-Indexable,Canonicalised
https://www.ipaenglish.com/vi/testimonials/,0,,0,0,Indexable,
https://www.ipaenglish.com/vi/global-english-for-teen-achievers/,0,,0,0,Indexable,
https://www.ipaenglish.com/vi/learning-system/,0,,0,0,Indexable,
https://www.ipaenglish.com/vi/communicative-english-for-adults/,0,,0,0,Indexable,
https://www.ipaenglish.com/vi/user-account/,0,,0,0,Indexable,
https://www.ipaenglish.com/vi/faq/,0,,0,0,Indexable,
https://www.ipaenglish.com/vi/contact-us/,0,,0,0,Indexable,
https://www.ipaenglish.com/vi/user-public-account/tony-evans/,0,,0,0,Indexable,
https://www.ipaenglish.com/courses/,0,,0,0,Indexable,
https://www.ipaenglish.com/vi/courses/?terms%5B%5D=22&category%5B%5D=22,0,,0,0,Non-Indexable,Canonicalised
https://www.ipaenglish.com/vi/courses/,0,,0,0,Indexable,
