SOURCE	ORIGINAL_BYTES	WEBP_BYTES	SAVING_PERCENT	DIMENSIONS	STATUS
wp-content/uploads/2024/08/36AA30E1-0DC1-4CC5-836E-1A10FE7F747B-e1723601218764.png	44315	24166	45.5	1563x599	GENERATED
wp-content/uploads/2024/08/7.-Learning-System-Infographic-version-1-120x300.png	37673	9262	75.4	120x300	GENERATED
wp-content/uploads/2024/08/7.-Learning-System-Infographic-version-1-410x1024.png	229435	54852	76.1	410x1024	GENERATED
wp-content/uploads/2024/08/7.-Learning-System-Infographic-version-1-5x12.png	328	102	68.9	5x12	GENERATED
wp-content/uploads/2024/08/7.-Learning-System-Infographic-version-1-768x1920.png	518133	115658	77.7	768x1920	GENERATED
wp-content/uploads/2024/08/7.-Learning-System-Infographic-version-1.png	311804	130866	58.0	800x2000	GENERATED
wp-content/uploads/2024/08/English-student-1-scaled-e1723435462482.jpeg	145408	51432	64.6	2560x968	GENERATED
wp-content/uploads/2024/08/English-student-Large-e1723433780783-150x150.jpeg	8158	5898	27.7	150x150	GENERATED
wp-content/uploads/2024/08/IPA-student-150x150.jpg	16392	13694	16.5	150x150	GENERATED
wp-content/uploads/2024/08/IPA-student-Large-1024x682.jpeg	51656	20756	59.8	1024x682	GENERATED
wp-content/uploads/2024/08/IPA-student-Large-1279x852.jpeg	69524	21606	68.9	1279x852	GENERATED
wp-content/uploads/2024/08/IPA-student-Large-18x12.jpeg	5226	4276	18.2	18x12	GENERATED
wp-content/uploads/2024/08/IPA-student-Large-270x180.jpeg	11998	7564	37.0	270x180	GENERATED
wp-content/uploads/2024/08/IPA-student-Large-300x200.jpeg	13048	8062	38.2	300x200	GENERATED
wp-content/uploads/2024/08/IPA-student-Large-768x512.jpeg	35910	15896	55.7	768x512	GENERATED
wp-content/uploads/2024/08/IPA-student-Large.jpeg	108661	27826	74.4	1280x853	GENERATED
wp-content/uploads/2024/08/Image-12-Large-1024x682.jpeg	69798	31376	55.0	1024x682	GENERATED
wp-content/uploads/2024/08/Image-12-Large-1279x852.jpeg	90596	34406	62.0	1279x852	GENERATED
wp-content/uploads/2024/08/Image-12-Large-18x12.jpeg	5868	4636	21.0	18x12	GENERATED
wp-content/uploads/2024/08/Image-12-Large-270x180.jpeg	15005	9590	36.1	270x180	GENERATED
wp-content/uploads/2024/08/Image-12-Large-300x200.jpeg	16587	10414	37.2	300x200	GENERATED
wp-content/uploads/2024/08/Image-12-Large-600x400.jpeg	35642	18378	48.4	600x400	GENERATED
wp-content/uploads/2024/08/Image-12-Large-768x512.jpeg	48137	23328	51.5	768x512	GENERATED
wp-content/uploads/2024/08/Image-12-Large.jpeg	141739	42438	70.1	1280x853	GENERATED
wp-content/uploads/2024/08/Image-7-Large-150x150.jpeg	10664	7622	28.5	150x150	GENERATED
wp-content/uploads/2024/08/Image-8-Large-1-1024x768.jpeg	93838	44016	53.1	1024x768	GENERATED
wp-content/uploads/2024/08/Image-8-Large-1-16x12.jpeg	5549	4890	11.9	16x12	GENERATED
wp-content/uploads/2024/08/Image-8-Large-1-266x200.jpeg	17649	12182	31.0	266x200	GENERATED
wp-content/uploads/2024/08/Image-8-Large-1-300x225.jpeg	20112	13420	33.3	300x225	GENERATED
wp-content/uploads/2024/08/Image-8-Large-1-768x576.jpeg	63508	32306	49.1	768x576	GENERATED
wp-content/uploads/2024/08/Image-8-Large-1.jpeg	201557	62232	69.1	1280x960	GENERATED
wp-content/uploads/2024/08/Tony-Profile-Picture-e1723626782498-129x129.png	22935	1310	94.3	129x129	GENERATED
wp-content/uploads/2024/08/Tony-Profile-Picture-e1723626782498-150x150.png	29664	1576	94.7	150x150	GENERATED
wp-content/uploads/2024/08/Tony-Profile-Picture-e1723626782498-217x217.png	60987	2428	96.0	217x217	GENERATED
wp-content/uploads/2024/08/Tony-Profile-Picture-e1723626782498-21x21.png	1106	196	82.3	21x21	GENERATED
wp-content/uploads/2024/08/Tony-Profile-Picture-e1723626782498-270x270.png	87479	3068	96.5	270x270	GENERATED
wp-content/uploads/2024/08/Tony-Profile-Picture-e1723626782498-27x27.png	1651	256	84.5	27x27	GENERATED
wp-content/uploads/2024/08/Tony-Profile-Picture-e1723626782498-69x69.png	7751	612	92.1	69x69	GENERATED
wp-content/uploads/2024/08/Tony-Profile-Picture-e1723626782498-75x75.png	8969	700	92.2	75x75	GENERATED
wp-content/uploads/2024/08/Tony-Profile-Picture-e1723626782498.png	91782	3334	96.4	271x271	GENERATED
wp-content/uploads/2025/08/IPA-English-1024x536.jpg	89034	34172	61.6	1024x536	GENERATED
wp-content/uploads/2025/08/IPA-English-18x9.jpg	928	630	32.1	18x9	GENERATED
wp-content/uploads/2025/08/IPA-English-266x139.jpg	13252	6340	52.2	266x139	GENERATED
wp-content/uploads/2025/08/IPA-English-300x157.jpg	16322	7900	51.6	300x157	GENERATED
wp-content/uploads/2025/08/IPA-English-370x193.jpg	22100	10462	52.7	370x193	GENERATED
wp-content/uploads/2025/08/IPA-English-600x314.jpg	43922	18948	56.9	600x314	GENERATED
wp-content/uploads/2025/08/IPA-English-764x400.jpg	61034	25422	58.3	764x400	GENERATED
wp-content/uploads/2025/08/IPA-English-768x402.jpg	61119	25190	58.8	768x402	GENERATED
wp-content/uploads/2025/08/IPA-English.jpg	196770	43734	77.8	1200x628	GENERATED
wp-content/uploads/2025/08/course-icon-5-129x129.png	6919	3664	47.0	129x129	GENERATED
wp-content/uploads/2025/08/course-icon-5-12x12.png	413	282	31.7	12x12	GENERATED
wp-content/uploads/2025/08/course-icon-5-150x150.png	8247	4354	47.2	150x150	GENERATED
wp-content/uploads/2025/08/course-icon-5-69x69.png	3231	1794	44.5	69x69	GENERATED
wp-content/uploads/2025/08/course-icon-5-75x75.png	3526	1976	44.0	75x75	GENERATED
wp-content/uploads/2025/08/course-icon-5.png	17987	6920	61.5	250x250	GENERATED
wp-content/uploads/2025/08/ipa-icon-fixed.png	80980	12582	84.5	1563x1563	GENERATED
SUMMARY	FILES_FOUND=56	GENERATED=56	SKIPPED=0	ORIGINAL_BYTES=3382026	WEBP_BYTES=1081000	SAVING=68.0%
