page_url,image_url,alt_state,alt_value,priority_note
https://www.ipaenglish.com/vi/,https://www.ipaenglish.com/wp-content/plugins/revslider/sr6/assets/assets/dummy.png,empty,,decorative/slider dummy; do not keyword-stuff
https://www.ipaenglish.com/vi/,https://www.ipaenglish.com/wp-content/uploads/2025/08/IPA-English-1024x536.jpg,empty,,priority content image for review
https://www.ipaenglish.com/vi/global-english-for-teen-achievers/,https://www.ipaenglish.com/wp-content/uploads/2024/08/Tony-Profile-Picture-e1723626782498.png,empty,,priority teacher/profile image
https://www.ipaenglish.com/vi/global-english-for-teen-achievers/,https://www.ipaenglish.com/wp-content/uploads/2025/08/course-icon-5.png,empty,,course icon; determine decorative vs meaningful before adding ALT
https://www.ipaenglish.com/vi/global-english-for-teen-achievers/,https://www.ipaenglish.com/wp-content/uploads/2024/08/Image-8-Large-1-1024x768.jpeg,empty,,priority course image
https://www.ipaenglish.com/vi/global-english-for-teen-achievers/,https://www.ipaenglish.com/wp-content/uploads/2025/08/IPA-English-1024x536.jpg,empty,,priority content image for review
https://www.ipaenglish.com/vi/book-a-test/,https://www.ipaenglish.com/wp-content/uploads/2024/08/Image-12-Large-1279x852.jpeg,empty,,priority page/hero image
https://www.ipaenglish.com/vi/book-a-test/,https://www.ipaenglish.com/wp-content/uploads/2025/08/IPA-English-1024x536.jpg,empty,,priority content image for review
https://www.ipaenglish.com/vi/learning-system/,https://www.ipaenglish.com/wp-content/uploads/2024/08/IPA-student-Large-1279x852.jpeg,empty,,priority student image
https://www.ipaenglish.com/vi/learning-system/,https://www.ipaenglish.com/wp-content/uploads/2024/08/7.-Learning-System-Infographic-version-1-410x1024.png,empty,,priority learning-system infographic
https://www.ipaenglish.com/vi/learning-system/,https://www.ipaenglish.com/wp-content/uploads/2025/08/IPA-English-1024x536.jpg,empty,,priority content image for review
