source_url,target_url,anchor_text,relationship
https://www.ipaenglish.com/vi/,https://www.ipaenglish.com/vi/global-english-for-teen-achievers/,Tiếng Anh toàn cầu dành cho thanh thiếu niên,target-navigation
https://www.ipaenglish.com/vi/,https://www.ipaenglish.com/vi/book-a-test/,Đặt lịch,target-navigation
https://www.ipaenglish.com/vi/,https://www.ipaenglish.com/vi/learning-system/,Hệ thống học thuật,target-navigation
https://www.ipaenglish.com/vi/,https://www.ipaenglish.com/vi/,Tiếng Việt,language-switch
https://www.ipaenglish.com/vi/,https://www.ipaenglish.com/,English,language-switch
https://www.ipaenglish.com/vi/global-english-for-teen-achievers/,https://www.ipaenglish.com/vi/,Trang chủ,target-navigation
https://www.ipaenglish.com/vi/global-english-for-teen-achievers/,https://www.ipaenglish.com/vi/book-a-test/,Đặt lịch,target-navigation
https://www.ipaenglish.com/vi/global-english-for-teen-achievers/,https://www.ipaenglish.com/vi/learning-system/,Hệ thống học thuật,target-navigation
https://www.ipaenglish.com/vi/global-english-for-teen-achievers/,https://www.ipaenglish.com/vi/global-english-for-teen-achievers/,Tiếng Việt,language-switch
https://www.ipaenglish.com/vi/global-english-for-teen-achievers/,https://www.ipaenglish.com/global-english-for-teen-achievers/,English,language-switch
https://www.ipaenglish.com/vi/book-a-test/,https://www.ipaenglish.com/vi/,Trang chủ,target-navigation
https://www.ipaenglish.com/vi/book-a-test/,https://www.ipaenglish.com/vi/global-english-for-teen-achievers/,Tiếng Anh toàn cầu dành cho thanh thiếu niên,target-navigation
https://www.ipaenglish.com/vi/book-a-test/,https://www.ipaenglish.com/vi/learning-system/,Hệ thống học thuật,target-navigation
https://www.ipaenglish.com/vi/book-a-test/,https://www.ipaenglish.com/vi/book-a-test/,Tiếng Việt,language-switch
https://www.ipaenglish.com/vi/book-a-test/,https://www.ipaenglish.com/book-a-test/,English,language-switch
https://www.ipaenglish.com/vi/learning-system/,https://www.ipaenglish.com/vi/,Trang chủ,target-navigation
https://www.ipaenglish.com/vi/learning-system/,https://www.ipaenglish.com/vi/global-english-for-teen-achievers/,Tiếng Anh toàn cầu dành cho thanh thiếu niên,target-navigation
https://www.ipaenglish.com/vi/learning-system/,https://www.ipaenglish.com/vi/book-a-test/,Đặt lịch,target-navigation
https://www.ipaenglish.com/vi/learning-system/,https://www.ipaenglish.com/vi/learning-system/,Tiếng Việt,language-switch
https://www.ipaenglish.com/vi/learning-system/,https://www.ipaenglish.com/learning-system/,English,language-switch
