phase	url	run	http_code	ttfb_s	total_s	size_download_b
before	/vi/	1	200	0.803568	0.805326	43164
before	/vi/	2	200	0.937829	0.939437	43164
before	/vi/	3	200	0.921610	0.922861	43164
before	/vi/global-english-for-teen-achievers/	1	200	0.658211	0.659338	36320
before	/vi/global-english-for-teen-achievers/	2	200	0.793484	0.794151	36320
before	/vi/global-english-for-teen-achievers/	3	200	0.829585	0.830250	36320
before	/vi/book-a-test/	1	200	0.848005	0.849124	35875
before	/vi/book-a-test/	2	200	0.804397	0.805821	35875
before	/vi/book-a-test/	3	200	0.719275	0.720060	35875
before	/vi/learning-system/	1	200	0.720114	0.721194	37478
before	/vi/learning-system/	2	200	0.781105	0.782798	37478
before	/vi/learning-system/	3	200	0.847271	0.848887	37478
after	/vi/	1	200	1.379676	1.381060	43164
after	/vi/	2	200	0.993248	0.994748	43165
after	/vi/	3	200	0.768485	0.769953	43164
after	/vi/global-english-for-teen-achievers/	1	200	0.738478	0.739364	36320
after	/vi/global-english-for-teen-achievers/	2	200	0.608576	0.609517	36320
after	/vi/global-english-for-teen-achievers/	3	200	0.927727	0.928526	36320
after	/vi/book-a-test/	1	200	0.963172	0.965006	35875
after	/vi/book-a-test/	2	200	0.867896	0.868639	35875
after	/vi/book-a-test/	3	200	0.812737	0.814489	35875
after	/vi/learning-system/	1	200	0.813173	0.813859	37478
after	/vi/learning-system/	2	200	0.654365	0.655440	37478
after	/vi/learning-system/	3	200	0.622516	0.623417	37478
